# This dataset is synthetic and created for academic development/testing. It does NOT represent any real employee, organisation, HR record, or promotion decision.
experience_years,performance_rating,current_grade_encoded,target_grade_encoded,grade_gap,total_skills,average_skill_level,skill_coverage_percentage,mandatory_skill_gap_count,weighted_skill_gap,total_certifications,completed_certifications,certification_completion_rate,mandatory_certification_gap_count,total_projects,completed_projects,lead_projects,project_completion_rate,lead_project_completion_rate,average_project_rating,skill_score,certification_score,experience_score,project_score,performance_score,readiness_score,promotion_success
5.1,3.67,1,2,1,5,2.83,80.56,0,0.0,0,0,0.614,1,1,1,0,0.5,0.0,4.19,32.22,9.21,15.0,7.0,7.34,70.77,0
1.4,2.6,1,2,1,8,4.38,60.97,3,2.0082,1,1,0.693,2,3,3,1,1.0,0.5,4.17,24.39,10.4,5.25,17.0,5.2,62.24,0
8.9,4.67,4,5,1,8,4.68,26.58,5,4.7101,2,1,0.696,0,3,3,1,0.6,0.5,2.85,10.63,10.44,13.35,11.4,9.34,55.16,0
0.5,4.15,3,4,1,11,3.72,92.94,0,0.0,1,1,0.748,0,9,9,3,1.0,1.0,2.93,37.18,11.22,0.94,20.0,8.3,77.64,1
3.1,3.58,3,4,1,9,1.81,55.44,3,2.7794,2,1,0.548,2,7,7,2,1.0,1.0,3.87,22.18,8.22,5.81,20.0,7.16,63.37,0
3.3,1.55,2,3,1,4,3.49,93.78,1,0.8351,0,0,0.708,1,0,0,0,0.0,0.0,4.19,37.51,10.62,8.25,0.0,3.1,59.48,0
0.5,2.71,1,2,1,4,3.85,64.95,1,0.6443,4,3,0.704,2,8,8,3,1.0,1.0,2.09,25.98,10.56,1.88,20.0,5.42,63.84,1
3.8,4.05,1,2,1,10,3.73,29.81,3,2.9625,4,2,0.542,1,6,6,0,1.0,0.0,3.7,11.92,8.13,14.25,14.0,8.1,56.4,0
9.0,4.47,2,3,1,6,3.78,49.97,5,3.9275,2,0,0.245,3,0,0,0,0.0,0.0,1.96,19.99,3.68,15.0,0.0,8.94,47.61,1
0.5,4.39,1,2,1,2,3.36,62.82,1,0.7584,0,0,0.647,1,7,7,1,1.0,1.0,3.12,25.13,9.7,1.88,20.0,8.78,65.49,0
5.9,2.23,4,5,1,10,2.93,80.28,0,0.0,0,0,0.298,2,0,0,0,0.0,0.0,4.27,32.11,4.47,8.85,0.0,4.46,49.89,1
4.6,3.74,2,3,1,8,2.39,90.93,0,0.0,4,3,0.776,2,4,4,0,1.0,0.0,5.0,36.37,11.64,11.5,14.0,7.48,80.99,1
6.0,4.31,1,2,1,2,1.1,74.54,4,3.3724,5,2,0.456,2,1,1,0,0.333,0.0,3.33,29.82,6.84,15.0,4.66,8.62,64.94,1
0.5,2.17,1,2,1,9,3.34,48.05,3,2.1462,5,4,0.743,0,0,0,0,0.0,0.0,2.63,19.22,11.14,1.88,0.0,4.34,36.58,1
2.6,3.49,1,2,1,8,3.19,84.24,3,2.9019,2,1,0.74,0,5,5,1,1.0,1.0,3.14,33.7,11.1,9.75,20.0,6.98,81.53,1
6.6,3.72,1,2,1,8,3.56,75.15,2,1.9651,2,2,0.892,0,6,6,0,1.0,0.0,3.55,30.06,13.38,15.0,14.0,7.44,79.88,0
3.9,3.26,4,5,1,10,1.66,48.84,4,3.5353,0,0,0.771,1,4,4,0,0.667,0.0,3.03,19.54,11.56,5.85,9.34,6.52,52.81,0
0.5,2.02,1,2,1,6,3.65,79.21,1,0.6212,0,0,0.607,1,3,3,0,1.0,0.0,2.85,31.68,9.1,1.88,14.0,4.04,60.7,1
2.9,3.24,2,3,1,6,5.0,91.48,0,0.0,4,2,0.531,2,5,5,0,1.0,0.0,3.2,36.59,7.97,7.25,14.0,6.48,72.29,0
4.7,3.24,3,4,1,8,3.08,80.18,3,1.5306,2,1,0.695,2,1,1,0,0.25,0.0,3.78,32.07,10.42,8.81,3.5,6.48,61.28,0
10.0,3.38,4,5,1,3,2.94,56.26,3,2.7396,2,2,0.929,0,0,0,0,0.0,0.0,3.38,22.5,13.94,15.0,0.0,6.76,58.2,1
6.6,3.05,3,4,1,3,3.31,88.64,1,0.7468,2,2,0.878,0,1,1,0,0.2,0.0,2.88,35.46,13.17,12.38,2.8,6.1,69.91,1
0.5,3.15,2,3,1,10,5.0,40.35,5,4.8418,1,1,0.968,0,0,0,0,0.0,0.0,3.03,16.14,14.52,1.25,0.0,6.3,38.21,1
5.3,3.47,2,3,1,4,1.98,91.26,1,0.6889,5,4,0.74,1,7,7,1,1.0,0.5,3.21,36.5,11.1,13.25,17.0,6.94,84.79,0
0.6,3.85,1,2,1,7,3.2,91.43,0,0.0,4,2,0.464,2,6,6,2,1.0,1.0,2.8,36.57,6.96,2.25,20.0,7.7,73.48,0
11.2,3.26,4,5,1,4,2.2,88.96,1,0.9975,4,2,0.614,1,1,1,0,0.2,0.0,3.0,35.58,9.21,15.0,2.8,6.52,69.11,1
4.4,3.17,3,4,1,4,2.45,32.19,5,3.8267,2,2,0.793,0,5,5,2,1.0,1.0,3.95,12.88,11.9,8.25,20.0,6.34,59.37,0
0.5,3.57,1,2,1,7,2.95,84.69,2,1.8632,4,3,0.781,0,4,4,0,1.0,0.0,3.34,33.88,11.72,1.88,14.0,7.14,68.62,1
9.4,1.96,4,5,1,10,4.35,46.36,7,6.6887,2,1,0.419,2,1,1,0,0.2,0.0,2.27,18.54,6.28,14.1,2.8,3.92,45.64,0
7.9,3.88,3,4,1,6,4.8,84.74,0,0.0,3,3,0.885,0,9,9,0,1.0,0.0,4.22,33.9,13.28,14.81,14.0,7.76,83.75,0
7.1,3.5,3,4,1,3,3.45,59.87,3,2.1836,0,0,0.58,2,9,9,3,1.0,1.0,3.79,23.95,8.7,13.31,20.0,7.0,72.96,0
0.5,3.53,2,3,1,4,2.62,78.05,3,2.3293,4,3,0.675,0,7,7,3,1.0,1.0,2.53,31.22,10.12,1.25,20.0,7.06,69.65,1
3.3,4.27,1,2,1,3,5.0,90.74,2,1.8477,0,0,0.823,2,8,8,3,1.0,1.0,3.24,36.3,12.34,12.38,20.0,8.54,89.56,1
5.4,1.94,4,5,1,10,2.57,54.08,4,3.9293,4,3,0.718,1,5,5,0,1.0,0.0,2.95,21.63,10.77,8.1,14.0,3.88,58.38,1
4.6,1.92,2,3,1,5,2.43,75.93,1,0.6642,3,2,0.675,0,8,8,3,1.0,1.0,3.97,30.37,10.12,11.5,20.0,3.84,75.83,0
0.5,3.72,1,2,1,5,1.23,78.92,1,0.8693,0,0,0.427,2,5,5,0,1.0,0.0,3.24,31.57,6.4,1.88,14.0,7.44,61.29,1
5.1,3.49,2,3,1,2,4.4,81.04,2,1.2854,3,2,0.824,0,1,1,0,0.25,0.0,3.45,32.42,12.36,12.75,3.5,6.98,68.01,0
0.5,3.64,1,2,1,6,3.97,59.45,2,1.611,1,1,0.63,2,1,1,0,0.333,0.0,3.37,23.78,9.45,1.88,4.66,7.28,47.05,0
0.8,3.13,2,3,1,11,5.0,47.21,4,3.6096,2,1,0.647,0,8,8,1,1.0,1.0,2.46,18.88,9.7,2.0,20.0,6.26,56.84,0
9.8,4.03,4,5,1,6,1.61,67.43,4,3.773,0,0,0.655,2,4,4,0,0.667,0.0,4.48,26.97,9.83,14.7,9.34,8.06,68.9,0
2.6,4.25,1,2,1,8,4.46,37.36,5,3.6218,4,2,0.524,0,7,7,2,1.0,1.0,3.96,14.94,7.86,9.75,20.0,8.5,61.05,1
0.5,3.89,1,2,1,3,3.07,76.22,1,0.6849,3,2,0.667,1,1,1,0,0.333,0.0,2.98,30.49,10.01,1.88,4.66,7.78,54.82,0
5.6,3.29,1,2,1,3,3.81,88.64,0,0.0,2,2,0.911,0,4,4,1,1.0,0.5,3.63,35.46,13.66,15.0,17.0,6.58,87.7,1
4.9,1.81,3,4,1,9,1.35,65.66,2,1.1334,5,4,0.753,1,0,0,0,0.0,0.0,4.18,26.26,11.3,9.19,0.0,3.62,50.37,0
2.1,4.12,1,2,1,2,4.47,80.35,2,1.3649,3,2,0.706,1,2,2,0,1.0,0.0,3.54,32.14,10.59,7.88,14.0,8.24,72.85,0
4.7,4.48,2,3,1,6,3.79,50.92,3,2.808,3,2,0.772,2,1,1,0,0.25,0.0,4.59,20.37,11.58,11.75,3.5,8.96,56.16,0
4.5,4.02,3,4,1,5,2.96,56.21,2,1.4188,0,0,0.668,1,2,2,0,0.4,0.0,5.0,22.48,10.02,8.44,5.6,8.04,54.58,0
5.2,2.8,2,3,1,2,3.65,55.72,2,1.3173,3,3,0.914,0,6,6,1,1.0,1.0,3.41,22.29,13.71,13.0,20.0,5.6,74.6,1
0.7,4.04,1,2,1,7,2.23,65.21,1,0.8696,4,3,0.794,1,0,0,0,0.0,0.0,3.09,26.08,11.91,2.62,0.0,8.08,48.69,0
1.0,4.19,1,2,1,11,2.42,62.59,4,2.4312,5,1,0.276,2,1,1,0,0.5,0.0,2.81,25.04,4.14,3.75,7.0,8.38,48.31,0
5.4,4.75,1,2,1,2,2.54,74.04,2,1.2563,3,3,0.956,0,6,6,0,1.0,0.0,1.95,29.62,14.34,15.0,14.0,9.5,82.46,1
1.4,2.8,2,3,1,10,1.15,73.36,2,1.9359,1,1,0.71,1,1,1,0,0.25,0.0,4.37,29.34,10.65,3.5,3.5,5.6,52.59,1
0.5,3.32,3,4,1,7,3.86,86.09,1,0.5408,4,2,0.399,1,5,5,2,1.0,1.0,3.25,34.44,5.98,0.94,20.0,6.64,68.0,0
10.0,4.1,3,4,1,9,4.19,58.21,2,1.4146,0,0,0.182,3,8,8,2,1.0,1.0,4.11,23.28,2.73,15.0,20.0,8.2,69.21,0
12.4,3.55,3,4,1,2,2.3,95.43,0,0.0,1,0,0.4,0,7,7,2,1.0,1.0,4.25,38.17,6.0,15.0,20.0,7.1,86.27,1
1.0,2.61,1,2,1,10,3.35,49.72,6,3.6908,5,4,0.733,0,1,1,0,0.5,0.0,2.74,19.89,11.0,3.75,7.0,5.22,46.86,1
3.2,3.83,4,5,1,2,2.73,91.2,2,1.281,4,2,0.521,2,1,1,0,0.167,0.0,2.85,36.48,7.82,4.8,2.34,7.66,59.1,0
1.2,3.96,1,2,1,11,3.33,60.86,1,0.6109,5,5,0.958,0,7,7,0,1.0,0.0,4.72,24.34,14.37,4.5,14.0,7.92,65.13,0
1.3,3.57,1,2,1,8,2.37,69.59,2,1.3452,2,2,0.847,1,3,3,0,1.0,0.0,3.45,27.84,12.7,4.88,14.0,7.14,66.56,0
1.5,3.68,1,2,1,5,2.12,81.8,0,0.0,4,3,0.733,2,4,4,1,1.0,0.5,3.04,32.72,11.0,5.62,17.0,7.36,73.7,1
1.2,3.29,2,3,1,2,4.05,94.29,1,0.7158,4,3,0.654,2,4,4,1,1.0,0.5,2.77,37.72,9.81,3.0,17.0,6.58,74.11,0
3.4,4.68,1,2,1,8,2.94,51.88,2,1.4178,1,0,0.338,2,5,5,0,1.0,0.0,3.4,20.75,5.07,12.75,14.0,9.36,61.93,0
7.3,2.78,3,4,1,2,5.0,57.28,5,3.4665,5,4,0.723,1,4,4,1,0.8,0.5,4.56,22.91,10.84,13.69,14.2,5.56,67.2,1
0.5,3.03,2,3,1,8,3.05,77.78,0,0.0,5,4,0.737,2,0,0,0,0.0,0.0,3.98,31.11,11.06,1.25,0.0,6.06,49.48,0
7.7,3.51,3,4,1,9,2.07,66.08,4,2.2346,0,0,0.692,1,0,0,0,0.0,0.0,3.63,26.43,10.38,14.44,0.0,7.02,58.27,1
9.1,4.2,2,3,1,4,4.23,65.42,3,2.8078,4,3,0.853,1,0,0,0,0.0,0.0,4.61,26.17,12.8,15.0,0.0,8.4,62.37,0
4.4,2.3,2,3,1,4,3.63,35.92,6,3.9815,2,1,0.495,2,2,2,0,0.667,0.0,4.48,14.37,7.42,11.0,9.34,4.6,46.73,0
5.2,2.45,3,4,1,4,3.73,91.97,0,0.0,4,2,0.435,2,8,8,3,1.0,1.0,3.73,36.79,6.52,9.75,20.0,4.9,77.96,0
1.6,1.87,1,2,1,4,4.19,84.27,1,0.6576,3,1,0.238,3,9,9,4,1.0,1.0,5.0,33.71,3.57,6.0,20.0,3.74,67.02,0
7.5,3.53,3,4,1,3,2.35,92.47,1,0.5414,1,1,0.776,1,4,4,0,0.8,0.0,3.33,36.99,11.64,14.06,11.2,7.06,80.95,0
0.5,2.61,1,2,1,4,2.87,92.5,1,0.76,0,0,0.669,0,0,0,0,0.0,0.0,4.27,37.0,10.04,1.88,0.0,5.22,54.14,1
4.4,3.19,2,3,1,8,2.83,67.26,1,0.6139,3,3,0.889,0,0,0,0,0.0,0.0,3.22,26.9,13.34,11.0,0.0,6.38,57.62,0
5.0,4.03,3,4,1,5,1.71,81.37,1,0.8765,5,4,0.886,1,8,8,3,1.0,1.0,4.13,32.55,13.29,9.38,20.0,8.06,83.28,0
6.6,2.99,1,2,1,9,2.74,69.95,1,0.8287,4,3,0.695,1,3,3,1,1.0,0.5,3.33,27.98,10.42,15.0,17.0,5.98,76.38,1
1.6,3.69,1,2,1,10,4.34,79.77,0,0.0,1,1,0.81,1,8,8,3,1.0,1.0,3.82,31.91,12.15,6.0,20.0,7.38,77.44,1
10.2,3.26,3,4,1,9,3.24,96.33,0,0.0,5,3,0.544,1,5,5,1,1.0,0.5,5.0,38.53,8.16,15.0,17.0,6.52,85.21,0
1.2,4.04,2,3,1,7,1.65,74.91,1,0.8543,2,2,0.799,0,8,8,3,1.0,1.0,4.17,29.96,11.99,3.0,20.0,8.08,73.03,1
5.5,3.88,2,3,1,5,1.44,72.58,1,0.6557,3,1,0.324,2,1,1,0,0.333,0.0,3.83,29.03,4.86,13.75,4.66,7.76,60.06,1
8.8,2.95,4,5,1,11,4.66,65.07,4,3.9973,1,1,0.946,0,8,8,1,1.0,0.5,2.96,26.03,14.19,13.2,17.0,5.9,76.32,1
0.5,3.37,1,2,1,4,2.91,61.28,4,3.4635,3,3,0.971,0,5,5,0,1.0,0.0,3.63,24.51,14.56,1.88,14.0,6.74,61.69,0
4.4,4.33,2,3,1,6,2.35,90.14,1,0.7952,3,2,0.723,0,4,4,1,1.0,0.5,2.79,36.06,10.84,11.0,17.0,8.66,83.56,0
9.0,3.81,3,4,1,6,2.73,51.27,1,0.9336,4,3,0.725,1,5,5,1,1.0,0.5,4.12,20.51,10.88,15.0,17.0,7.62,71.01,1
1.2,2.38,1,2,1,9,1.52,49.1,2,1.5893,2,1,0.492,2,3,3,0,1.0,0.0,4.1,19.64,7.38,4.5,14.0,4.76,50.28,0
0.5,4.02,1,2,1,7,4.42,91.15,1,0.7764,3,2,0.758,1,6,6,0,1.0,0.0,3.37,36.46,11.37,1.88,14.0,8.04,71.75,0
8.0,2.63,4,5,1,9,2.61,46.95,4,2.4746,3,2,0.767,1,7,7,2,1.0,1.0,4.66,18.78,11.5,12.0,20.0,5.26,67.54,0
0.5,4.63,1,2,1,11,4.37,60.49,0,0.0,2,1,0.635,0,8,8,1,1.0,1.0,4.57,24.2,9.52,1.88,20.0,9.26,64.86,1
1.1,4.32,1,2,1,5,3.05,74.19,4,2.7493,3,3,0.844,0,9,9,4,1.0,1.0,3.6,29.68,12.66,4.12,20.0,8.64,75.1,0
3.8,3.73,2,3,1,10,4.43,49.29,4,2.0862,0,0,0.94,0,4,4,1,1.0,1.0,3.9,19.72,14.1,9.5,20.0,7.46,70.78,1
0.5,3.63,1,2,1,3,3.26,87.93,2,1.8161,5,3,0.618,2,7,7,1,1.0,0.5,3.09,35.17,9.27,1.88,17.0,7.26,70.58,1
0.5,3.33,1,2,1,11,3.85,79.79,2,1.0519,0,0,0.681,0,8,8,3,1.0,1.0,3.31,31.92,10.22,1.88,20.0,6.66,70.68,1
7.2,4.04,3,4,1,3,3.72,60.66,4,3.3446,5,5,0.928,0,0,0,0,0.0,0.0,2.75,24.26,13.92,13.5,0.0,8.08,59.76,0
0.7,3.2,1,2,1,10,3.62,87.86,1,0.5784,4,1,0.321,1,4,4,0,1.0,0.0,3.17,35.14,4.82,2.62,14.0,6.4,62.98,1
0.5,3.69,2,3,1,5,3.35,81.54,3,2.1489,5,4,0.818,0,7,7,2,1.0,1.0,3.43,32.62,12.27,1.25,20.0,7.38,73.52,1
8.0,4.2,3,4,1,11,2.77,84.59,0,0.0,0,0,0.826,1,4,4,1,1.0,1.0,2.34,33.84,12.39,15.0,20.0,8.4,89.63,1
4.7,3.05,2,3,1,3,4.92,79.33,1,0.5472,1,1,0.796,0,1,1,0,0.25,0.0,3.9,31.73,11.94,11.75,3.5,6.1,65.02,0
2.2,3.01,2,3,1,6,2.09,28.88,5,4.1679,0,0,0.714,2,6,6,0,1.0,0.0,4.22,11.55,10.71,5.5,14.0,6.02,47.78,1
0.7,2.54,2,3,1,11,3.0,49.46,4,3.2252,2,2,0.759,0,4,4,1,1.0,0.5,3.49,19.78,11.38,1.75,17.0,5.08,54.99,1
4.1,2.65,1,2,1,2,3.01,64.06,3,2.8013,5,3,0.52,0,6,6,0,1.0,0.0,1.61,25.62,7.8,15.0,14.0,5.3,67.72,0
8.9,2.04,4,5,1,4,3.4,77.58,2,1.1727,4,3,0.746,1,0,0,0,0.0,0.0,3.32,31.03,11.19,13.35,0.0,4.08,59.65,1
8.0,4.08,1,2,1,2,2.57,48.96,4,3.5996,4,3,0.79,0,0,0,0,0.0,0.0,2.52,19.58,11.85,15.0,0.0,8.16,54.59,0
3.1,4.95,1,2,1,5,3.31,92.99,1,0.7251,5,3,0.667,1,6,6,2,1.0,1.0,3.07,37.2,10.01,11.62,20.0,9.9,88.73,1
5.0,4.64,2,3,1,5,2.83,72.13,2,1.4286,0,0,0.672,0,9,9,1,1.0,0.5,4.52,28.85,10.08,12.5,17.0,9.28,77.71,1
1.6,2.2,1,2,1,8,1.42,38.78,3,2.0427,4,3,0.791,0,6,6,0,1.0,0.0,1.8,15.51,11.86,6.0,14.0,4.4,51.77,1
4.0,4.08,1,2,1,4,3.01,97.51,0,0.0,1,1,0.962,0,9,9,0,1.0,0.0,2.93,39.0,14.43,15.0,14.0,8.16,90.59,1
3.6,4.64,1,2,1,3,1.9,67.91,3,2.2799,4,4,0.929,0,8,8,0,1.0,0.0,4.08,27.16,13.94,13.5,14.0,9.28,77.88,1
5.1,3.13,1,2,1,3,1.27,73.7,4,2.2136,4,4,0.951,0,2,2,0,0.667,0.0,3.01,29.48,14.26,15.0,9.34,6.26,74.34,0
0.7,3.58,1,2,1,11,3.14,87.78,0,0.0,4,2,0.614,1,1,1,0,0.333,0.0,2.96,35.11,9.21,2.62,4.66,7.16,58.76,0
6.9,1.89,4,5,1,11,3.49,69.96,2,1.652,2,1,0.708,0,5,5,0,1.0,0.0,4.92,27.98,10.62,10.35,14.0,3.78,66.73,1
4.8,3.71,3,4,1,4,3.53,92.52,0,0.0,3,1,0.41,1,6,6,2,1.0,1.0,3.76,37.01,6.15,9.0,20.0,7.42,79.58,1
4.0,2.65,1,2,1,3,3.57,78.95,2,1.1658,2,1,0.565,2,7,7,2,1.0,1.0,4.15,31.58,8.48,15.0,20.0,5.3,80.36,0
7.7,3.66,2,3,1,2,1.07,64.79,2,1.3631,3,2,0.741,1,5,5,0,1.0,0.0,3.85,25.92,11.12,15.0,14.0,7.32,73.36,1
0.9,2.25,1,2,1,11,1.64,85.76,0,0.0,2,2,0.809,0,9,9,1,1.0,0.5,3.61,34.3,12.14,3.38,17.0,4.5,71.32,1
6.9,3.93,4,5,1,9,4.97,84.73,3,2.5033,2,1,0.547,1,8,8,3,1.0,1.0,4.38,33.89,8.2,10.35,20.0,7.86,80.3,1
6.8,4.32,3,4,1,9,1.95,46.8,5,4.7519,1,1,0.575,2,5,5,1,1.0,0.5,4.83,18.72,8.62,12.75,17.0,8.64,65.73,1
7.4,2.87,4,5,1,4,3.61,96.89,0,0.0,2,1,0.746,1,5,5,2,0.833,1.0,2.32,38.76,11.19,11.1,17.66,5.74,84.45,0
10.4,2.59,4,5,1,8,2.31,71.5,3,2.5146,4,2,0.622,1,0,0,0,0.0,0.0,3.48,28.6,9.33,15.0,0.0,5.18,58.11,1
0.5,1.78,1,2,1,2,3.08,75.97,0,0.0,5,3,0.53,1,7,7,2,1.0,1.0,3.47,30.39,7.95,1.88,20.0,3.56,63.78,0
0.5,3.29,1,2,1,8,2.37,25.27,8,7.8179,0,0,0.811,1,6,6,0,1.0,0.0,3.2,10.11,12.16,1.88,14.0,6.58,44.73,1
2.0,3.03,2,3,1,7,3.56,66.1,5,3.288,1,1,0.71,1,8,8,1,1.0,0.5,4.19,26.44,10.65,5.0,17.0,6.06,65.15,1
0.5,2.26,1,2,1,5,3.14,82.34,2,1.3543,3,2,0.699,2,0,0,0,0.0,0.0,3.68,32.94,10.48,1.88,0.0,4.52,49.82,1
3.6,3.86,3,4,1,9,2.55,78.26,0,0.0,4,3,0.833,1,1,1,0,0.25,0.0,4.85,31.3,12.5,6.75,3.5,7.72,61.77,1
0.5,3.14,1,2,1,8,1.95,66.36,4,2.1693,1,1,0.531,1,6,6,0,1.0,0.0,4.27,26.54,7.97,1.88,14.0,6.28,56.67,1
7.5,2.64,4,5,1,6,3.27,47.19,4,3.5801,1,1,0.645,1,4,4,0,0.8,0.0,4.46,18.88,9.68,11.25,11.2,5.28,56.29,1
8.8,3.06,3,4,1,3,1.79,73.44,0,0.0,0,0,0.649,0,5,5,1,1.0,0.5,2.66,29.38,9.74,15.0,17.0,6.12,77.24,1
3.4,4.36,2,3,1,2,3.43,46.69,4,2.5654,0,0,0.896,0,4,4,0,1.0,0.0,2.94,18.68,13.44,8.5,14.0,8.72,63.34,0
5.4,3.98,4,5,1,11,5.0,89.39,1,0.5909,0,0,0.506,0,6,6,0,1.0,0.0,2.99,35.76,7.59,8.1,14.0,7.96,73.41,1
1.9,3.4,1,2,1,4,4.35,42.81,6,5.9247,4,3,0.824,2,6,6,0,1.0,0.0,4.43,17.12,12.36,7.12,14.0,6.8,57.4,0
4.6,4.0,1,2,1,5,3.72,87.34,2,1.781,5,3,0.61,0,1,1,0,0.5,0.0,2.82,34.94,9.15,15.0,7.0,8.0,74.09,0
5.6,2.57,4,5,1,8,2.91,64.86,2,1.9299,2,2,0.933,0,7,7,2,1.0,1.0,2.84,25.94,14.0,8.4,20.0,5.14,73.48,1
5.7,3.53,4,5,1,4,1.06,91.06,0,0.0,1,0,0.492,2,4,4,0,0.8,0.0,2.72,36.42,7.38,8.55,11.2,7.06,70.61,1
9.4,3.62,4,5,1,5,1.68,57.61,3,2.8594,5,4,0.712,0,5,5,1,0.833,1.0,5.0,23.04,10.68,14.1,17.66,7.24,72.72,1
7.4,3.12,4,5,1,9,4.28,47.82,3,2.2186,1,0,0.481,1,6,6,2,1.0,1.0,3.4,19.13,7.22,11.1,20.0,6.24,63.69,1
3.6,3.85,1,2,1,7,2.21,72.96,3,1.7558,0,0,0.908,0,7,7,0,1.0,0.0,3.87,29.18,13.62,13.5,14.0,7.7,78.0,1
8.0,2.88,4,5,1,8,2.3,84.72,3,1.9903,0,0,0.341,2,3,3,0,0.6,0.0,2.7,33.89,5.12,12.0,8.4,5.76,65.17,0
3.8,3.91,1,2,1,2,2.83,87.71,0,0.0,2,2,0.918,0,0,0,0,0.0,0.0,4.17,35.08,13.77,14.25,0.0,7.82,70.92,0
1.4,3.94,2,3,1,6,1.94,61.46,4,3.4343,4,3,0.656,2,1,1,0,0.333,0.0,2.26,24.58,9.84,3.5,4.66,7.88,50.46,1
8.0,1.17,4,5,1,6,1.77,54.82,4,2.0513,2,1,0.746,1,9,9,3,1.0,1.0,2.81,21.93,11.19,12.0,20.0,2.34,67.46,1
1.5,4.45,1,2,1,8,2.95,54.43,3,1.7131,2,1,0.613,2,2,2,0,0.667,0.0,2.99,21.77,9.2,5.62,9.34,8.9,54.83,0
3.0,1.06,3,4,1,3,2.11,61.79,1,0.8414,2,1,0.301,2,2,2,0,0.4,0.0,3.65,24.72,4.51,5.62,5.6,2.12,42.57,0
2.1,3.01,3,4,1,3,2.26,37.12,4,2.2469,5,3,0.625,0,8,8,3,1.0,1.0,2.94,14.85,9.38,3.94,20.0,6.02,54.19,0
5.7,4.32,2,3,1,9,2.22,66.67,2,1.0483,4,3,0.721,1,2,2,0,0.5,0.0,4.57,26.67,10.82,14.25,7.0,8.64,67.38,1
3.1,3.25,2,3,1,8,3.52,81.18,2,1.1092,3,1,0.322,1,4,4,0,1.0,0.0,3.85,32.47,4.83,7.75,14.0,6.5,65.55,1
1.4,2.33,2,3,1,10,2.77,72.66,2,1.6907,2,2,0.822,0,3,3,0,0.75,0.0,3.02,29.06,12.33,3.5,10.5,4.66,60.05,0
5.8,2.63,3,4,1,4,2.82,71.92,0,0.0,3,3,0.917,0,6,6,0,1.0,0.0,4.2,28.77,13.76,10.88,14.0,5.26,72.67,1
6.8,4.32,2,3,1,11,3.6,73.69,5,2.8658,5,4,0.893,1,5,5,0,1.0,0.0,3.22,29.48,13.4,15.0,14.0,8.64,80.52,1
0.5,1.96,2,3,1,4,2.86,75.92,3,1.8455,3,1,0.359,1,5,5,0,1.0,0.0,3.09,30.37,5.38,1.25,14.0,3.92,54.92,0
0.5,4.4,1,2,1,8,2.72,51.4,4,3.5018,4,2,0.596,0,5,5,2,1.0,1.0,4.13,20.56,8.94,1.88,20.0,8.8,60.18,0
1.7,3.46,2,3,1,3,3.47,71.4,3,1.8005,0,0,0.734,1,8,8,3,1.0,1.0,1.78,28.56,11.01,4.25,20.0,6.92,70.74,1
5.7,2.55,1,2,1,11,3.67,81.03,1,0.5177,5,4,0.741,1,5,5,0,1.0,0.0,4.01,32.41,11.12,15.0,14.0,5.1,77.63,1
2.7,3.03,1,2,1,5,2.85,70.31,3,2.8588,5,4,0.715,1,5,5,2,1.0,1.0,3.0,28.12,10.72,10.12,20.0,6.06,75.02,1
5.9,2.69,2,3,1,10,3.08,40.84,6,5.629,4,1,0.348,2,8,8,2,1.0,1.0,3.0,16.34,5.22,14.75,20.0,5.38,61.69,0
1.1,4.19,2,3,1,5,2.22,65.36,3,1.7772,5,3,0.59,3,0,0,0,0.0,0.0,4.87,26.14,8.85,2.75,0.0,8.38,46.12,1
1.2,4.09,2,3,1,9,2.14,84.5,1,0.6327,3,1,0.481,2,8,8,3,1.0,1.0,3.13,33.8,7.22,3.0,20.0,8.18,72.2,0
5.1,2.12,2,3,1,6,3.77,84.22,1,0.5943,1,0,0.157,2,1,1,0,0.25,0.0,4.17,33.69,2.36,12.75,3.5,4.24,56.54,1
6.1,3.18,3,4,1,2,3.44,88.33,1,0.8598,3,3,0.861,0,3,3,0,0.75,0.0,3.7,35.33,12.92,11.44,10.5,6.36,76.55,0
9.4,2.81,4,5,1,3,3.46,60.41,2,1.25,3,2,0.579,2,0,0,0,0.0,0.0,3.77,24.16,8.68,14.1,0.0,5.62,52.56,0
1.5,4.53,1,2,1,8,3.28,75.39,5,4.8286,0,0,0.938,0,5,5,0,1.0,0.0,3.32,30.16,14.07,5.62,14.0,9.06,72.91,0
8.7,2.42,4,5,1,3,3.05,69.58,0,0.0,1,1,0.885,1,8,8,3,1.0,1.0,3.29,27.83,13.28,13.05,20.0,4.84,79.0,0
8.4,4.78,4,5,1,4,3.7,69.82,0,0.0,1,1,0.613,2,3,3,0,0.5,0.0,4.57,27.93,9.2,12.6,7.0,9.56,66.29,1
3.9,3.47,1,2,1,7,3.94,95.73,0,0.0,3,2,0.779,1,6,6,0,1.0,0.0,4.15,38.29,11.68,14.62,14.0,6.94,85.53,1
6.0,2.57,2,3,1,4,3.91,89.43,1,0.9418,0,0,0.645,2,3,3,0,0.75,0.0,3.15,35.77,9.68,15.0,10.5,5.14,76.09,1
4.0,2.96,4,5,1,3,2.9,93.8,0,0.0,4,2,0.453,2,7,7,1,1.0,0.5,2.77,37.52,6.8,6.0,17.0,5.92,73.24,1
0.5,2.86,3,4,1,8,4.39,48.28,4,3.5758,0,0,0.777,3,9,9,1,1.0,1.0,3.09,19.31,11.66,0.94,20.0,5.72,57.63,0
8.5,2.48,3,4,1,8,3.23,46.7,3,1.6077,5,3,0.639,1,7,7,3,1.0,1.0,4.19,18.68,9.59,15.0,20.0,4.96,68.23,1
9.0,3.58,3,4,1,9,3.63,81.87,0,0.0,4,3,0.739,1,3,3,0,0.75,0.0,4.33,32.75,11.08,15.0,10.5,7.16,76.49,0
0.5,2.52,1,2,1,11,3.28,82.9,4,3.6092,2,1,0.51,1,8,8,3,1.0,1.0,3.89,33.16,7.65,1.88,20.0,5.04,67.73,1
0.5,1.76,2,3,1,3,3.25,87.3,0,0.0,2,1,0.294,2,0,0,0,0.0,0.0,2.37,34.92,4.41,1.25,0.0,3.52,44.1,0
4.2,3.2,2,3,1,6,2.26,94.99,0,0.0,4,3,0.75,1,9,9,2,1.0,1.0,4.03,38.0,11.25,10.5,20.0,6.4,86.15,1
8.3,2.06,3,4,1,4,3.7,78.78,0,0.0,0,0,0.722,0,8,8,0,1.0,0.0,4.41,31.51,10.83,15.0,14.0,4.12,75.46,1
6.5,2.9,1,2,1,11,5.0,62.32,4,2.8508,4,3,0.669,0,6,6,0,1.0,0.0,3.62,24.93,10.04,15.0,14.0,5.8,69.77,0
3.3,2.77,1,2,1,7,2.63,62.49,4,3.4026,3,3,0.858,1,6,6,2,1.0,1.0,4.89,25.0,12.87,12.38,20.0,5.54,75.79,1
1.1,2.8,1,2,1,2,3.07,95.8,0,0.0,1,1,0.798,2,2,2,0,0.667,0.0,2.58,38.32,11.97,4.12,9.34,5.6,69.35,1
0.5,5.0,1,2,1,8,2.55,85.01,0,0.0,5,2,0.34,2,4,4,0,1.0,0.0,3.98,34.0,5.1,1.88,14.0,10.0,64.98,1
2.0,3.55,1,2,1,2,2.51,91.46,0,0.0,3,2,0.54,3,1,1,0,0.333,0.0,2.79,36.58,8.1,7.5,4.66,7.1,63.94,1
1.3,3.7,1,2,1,4,4.54,39.39,8,4.0703,0,0,0.47,2,3,3,1,1.0,1.0,4.24,15.76,7.05,4.88,20.0,7.4,55.09,1
3.5,2.08,3,4,1,9,2.33,90.38,3,2.4287,3,1,0.33,2,5,5,0,1.0,0.0,3.93,36.15,4.95,6.56,14.0,4.16,65.82,0
7.1,2.98,1,2,1,7,2.53,49.32,4,3.7292,2,1,0.545,3,3,3,0,1.0,0.0,4.76,19.73,8.18,15.0,14.0,5.96,62.87,0
6.5,3.67,1,2,1,9,1.41,80.79,2,1.066,4,3,0.798,1,7,7,2,1.0,1.0,3.85,32.32,11.97,15.0,20.0,7.34,86.63,1
6.8,2.68,2,3,1,7,2.24,73.88,4,2.7951,2,1,0.343,1,8,8,3,1.0,1.0,3.22,29.55,5.14,15.0,20.0,5.36,75.05,1
5.7,4.23,4,5,1,10,1.29,49.31,3,2.9101,5,5,0.966,0,5,5,0,1.0,0.0,3.16,19.72,14.49,8.55,14.0,8.46,65.22,1
6.1,2.54,2,3,1,7,3.63,78.79,3,2.2525,5,2,0.469,2,3,3,0,1.0,0.0,3.32,31.52,7.03,15.0,14.0,5.08,72.63,0
3.6,3.27,1,2,1,2,5.0,54.48,3,1.831,0,0,0.691,0,3,3,0,1.0,0.0,3.14,21.79,10.36,13.5,14.0,6.54,66.19,1
7.1,3.03,3,4,1,2,2.63,67.67,2,1.3537,2,1,0.48,0,5,5,0,1.0,0.0,4.44,27.07,7.2,13.31,14.0,6.06,67.64,1
5.1,3.63,1,2,1,9,1.33,59.37,2,1.4081,1,1,0.774,0,7,7,0,1.0,0.0,4.39,23.75,11.61,15.0,14.0,7.26,71.62,1
7.6,2.99,3,4,1,2,3.9,55.58,3,1.6759,2,1,0.581,1,1,1,0,0.25,0.0,2.45,22.23,8.72,14.25,3.5,5.98,54.68,0
7.9,3.28,3,4,1,5,2.27,85.62,1,0.8304,0,0,0.521,0,4,4,1,1.0,0.5,3.53,34.25,7.82,14.81,17.0,6.56,80.44,1
3.6,3.31,1,2,1,2,4.3,81.61,0,0.0,3,2,0.537,2,4,4,0,1.0,0.0,3.54,32.64,8.06,13.5,14.0,6.62,74.82,1
6.9,2.91,3,4,1,5,2.72,69.24,2,1.6477,0,0,0.571,1,2,2,0,0.5,0.0,2.95,27.7,8.56,12.94,7.0,5.82,62.02,0
0.5,3.89,2,3,1,7,2.37,63.38,3,2.4162,3,2,0.643,2,2,2,0,0.5,0.0,3.81,25.35,9.64,1.25,7.0,7.78,51.02,1
4.2,3.69,2,3,1,3,2.82,62.08,2,1.0167,2,2,0.883,0,8,8,1,1.0,0.5,4.52,24.83,13.24,10.5,17.0,7.38,72.95,1
0.6,3.43,1,2,1,6,3.76,88.37,0,0.0,5,3,0.675,0,4,4,1,1.0,0.5,4.12,35.35,10.12,2.25,17.0,6.86,71.58,1
4.8,3.16,4,5,1,11,2.77,65.05,2,1.1656,5,4,0.749,0,5,5,2,0.833,1.0,4.44,26.02,11.24,7.2,17.66,6.32,68.44,0
12.2,4.14,4,5,1,2,2.5,82.32,1,0.549,3,3,0.856,0,0,0,0,0.0,0.0,3.0,32.93,12.84,15.0,0.0,8.28,69.05,1
10.3,3.31,3,4,1,2,2.8,67.8,3,2.6032,2,2,0.852,1,2,2,0,0.5,0.0,3.53,27.12,12.78,15.0,7.0,6.62,68.52,1
7.4,3.25,2,3,1,4,1.73,54.38,4,2.2403,4,2,0.546,2,2,2,0,0.667,0.0,2.96,21.75,8.19,15.0,9.34,6.5,60.78,0
2.6,3.58,1,2,1,10,3.4,65.85,2,1.6682,4,3,0.636,1,3,3,0,1.0,0.0,3.67,26.34,9.54,9.75,14.0,7.16,66.79,0
9.4,4.86,3,4,1,6,1.21,47.5,7,4.1244,0,0,0.432,2,8,8,3,1.0,1.0,3.73,19.0,6.48,15.0,20.0,9.72,70.2,0
2.0,2.43,1,2,1,8,2.56,66.18,2,1.1183,2,2,0.896,0,5,5,0,1.0,0.0,4.17,26.47,13.44,7.5,14.0,4.86,66.27,0
6.5,4.12,3,4,1,2,3.76,80.46,0,0.0,5,2,0.379,1,9,9,0,1.0,0.0,4.42,32.18,5.68,12.19,14.0,8.24,72.29,0
1.3,1.99,2,3,1,9,3.3,83.58,1,0.7542,1,1,0.934,1,4,4,1,1.0,1.0,3.98,33.43,14.01,3.25,20.0,3.98,74.67,1
7.0,3.67,3,4,1,2,3.59,79.78,4,3.291,0,0,0.641,2,7,7,1,1.0,1.0,2.9,31.91,9.62,13.12,20.0,7.34,81.99,1
4.2,4.76,2,3,1,9,2.93,43.94,6,5.4358,5,4,0.897,0,1,1,0,0.333,0.0,2.55,17.58,13.46,10.5,4.66,9.52,55.72,0
2.7,3.89,3,4,1,3,4.17,59.07,3,1.6928,5,3,0.679,1,8,8,0,1.0,0.0,3.86,23.63,10.18,5.06,14.0,7.78,60.65,0
1.9,3.64,1,2,1,10,3.92,36.27,4,3.2324,3,2,0.568,3,6,6,0,1.0,0.0,4.55,14.51,8.52,7.12,14.0,7.28,51.43,0
5.8,3.05,3,4,1,4,3.45,87.55,1,0.8869,3,2,0.73,0,0,0,0,0.0,0.0,3.48,35.02,10.95,10.88,0.0,6.1,62.95,1
8.5,3.52,2,3,1,3,3.93,55.49,1,0.6562,2,2,0.801,1,6,6,0,1.0,0.0,2.43,22.2,12.02,15.0,14.0,7.04,70.26,1
4.2,3.3,1,2,1,5,3.75,77.47,1,0.5399,2,1,0.545,3,4,4,1,1.0,0.5,4.96,30.99,8.18,15.0,17.0,6.6,77.77,0
4.0,2.87,2,3,1,2,2.56,70.91,4,2.3119,5,5,0.936,0,0,0,0,0.0,0.0,3.84,28.36,14.04,10.0,0.0,5.74,58.14,0
4.6,3.27,2,3,1,3,1.66,74.96,1,0.5458,5,4,0.819,1,8,8,3,1.0,1.0,3.62,29.98,12.28,11.5,20.0,6.54,80.3,0
2.1,3.66,1,2,1,7,3.42,67.38,3,2.8308,2,2,0.897,0,5,5,0,1.0,0.0,2.68,26.95,13.46,7.88,14.0,7.32,69.61,1
3.5,2.89,2,3,1,5,3.55,78.09,3,2.0651,1,1,0.885,1,6,6,0,1.0,0.0,3.51,31.24,13.28,8.75,14.0,5.78,73.05,1
0.5,2.85,1,2,1,5,4.09,76.15,1,0.7617,1,1,0.909,0,5,5,2,1.0,1.0,3.98,30.46,13.64,1.88,20.0,5.7,71.68,1
1.6,2.41,1,2,1,10,2.06,62.1,4,3.5374,0,0,0.529,3,0,0,0,0.0,0.0,3.85,24.84,7.94,6.0,0.0,4.82,43.6,0
4.1,3.81,3,4,1,3,2.09,53.76,2,1.3715,2,1,0.383,2,3,3,0,0.75,0.0,3.02,21.5,5.74,7.69,10.5,7.62,53.05,0
0.5,3.94,1,2,1,5,3.46,72.22,1,0.8246,3,3,0.858,1,7,7,2,1.0,1.0,3.46,28.89,12.87,1.88,20.0,7.88,71.52,1
5.3,3.69,2,3,1,3,2.93,82.44,1,0.5383,4,2,0.562,2,3,3,0,1.0,0.0,3.07,32.98,8.43,13.25,14.0,7.38,76.04,0
3.0,4.27,1,2,1,6,1.11,62.24,7,5.1832,4,2,0.42,2,8,8,0,1.0,0.0,4.66,24.9,6.3,11.25,14.0,8.54,64.99,1
0.5,3.57,1,2,1,5,3.38,72.49,1,0.5483,2,1,0.692,0,3,3,1,1.0,1.0,4.13,29.0,10.38,1.88,20.0,7.14,68.4,1
5.7,3.81,3,4,1,2,1.15,48.3,6,3.7449,1,1,0.568,0,4,4,0,1.0,0.0,3.13,19.32,8.52,10.69,14.0,7.62,60.15,0
6.5,3.74,2,3,1,2,2.05,72.31,4,2.5867,5,3,0.548,2,4,4,1,1.0,1.0,2.68,28.92,8.22,15.0,20.0,7.48,79.62,1
4.6,3.43,1,2,1,10,4.35,58.41,2,1.7176,4,2,0.452,1,0,0,0,0.0,0.0,3.69,23.36,6.78,15.0,0.0,6.86,52.0,0
8.6,3.08,3,4,1,2,4.82,95.26,1,0.8371,3,2,0.732,0,8,8,0,1.0,0.0,3.16,38.1,10.98,15.0,14.0,6.16,84.24,1
2.1,5.0,1,2,1,9,1.78,47.33,4,3.4942,0,0,0.967,0,1,1,0,0.333,0.0,3.21,18.93,14.5,7.88,4.66,10.0,55.97,1
1.9,3.14,2,3,1,11,2.67,86.14,1,0.5309,2,2,0.794,2,4,4,1,1.0,1.0,2.71,34.46,11.91,4.75,20.0,6.28,77.4,1
0.5,2.97,1,2,1,6,3.04,48.75,3,2.9909,3,2,0.77,2,9,9,1,1.0,0.5,2.79,19.5,11.55,1.88,17.0,5.94,55.87,0
4.9,3.85,2,3,1,5,4.78,80.41,2,1.0544,5,3,0.614,1,9,9,3,1.0,1.0,3.61,32.16,9.21,12.25,20.0,7.7,81.32,1
2.9,3.7,1,2,1,9,2.51,77.29,0,0.0,3,2,0.791,2,2,2,0,1.0,0.0,3.31,30.92,11.86,10.88,14.0,7.4,75.06,0
11.2,2.38,4,5,1,11,2.52,76.47,6,5.2208,2,0,0.217,2,3,3,0,0.6,0.0,5.0,30.59,3.26,15.0,8.4,4.76,62.01,1
10.7,4.4,4,5,1,3,4.55,78.72,4,3.1835,2,1,0.488,3,5,5,1,0.833,1.0,3.92,31.49,7.32,15.0,17.66,8.8,80.27,1
3.7,3.42,2,3,1,11,2.63,49.41,2,1.4389,2,2,0.822,2,6,6,1,1.0,1.0,2.69,19.76,12.33,9.25,20.0,6.84,68.18,0
2.9,2.61,3,4,1,11,3.72,74.7,2,1.7571,0,0,0.887,0,2,2,0,0.5,0.0,2.43,29.88,13.3,5.44,7.0,5.22,60.84,0
3.2,4.45,2,3,1,3,1.52,38.46,5,4.3496,0,0,0.688,2,5,5,0,1.0,0.0,3.78,15.38,10.32,8.0,14.0,8.9,56.6,1
2.5,4.0,1,2,1,2,2.83,53.61,4,2.2744,4,2,0.498,1,8,8,3,1.0,1.0,3.22,21.44,7.47,9.38,20.0,8.0,66.29,0
1.5,2.49,1,2,1,9,1.34,60.61,0,0.0,2,1,0.656,1,7,7,1,1.0,0.5,4.43,24.24,9.84,5.62,17.0,4.98,61.68,1
4.6,4.92,3,4,1,2,1.94,84.0,1,0.5393,5,2,0.398,2,8,8,3,1.0,1.0,3.7,33.6,5.97,8.62,20.0,9.84,78.03,1
2.6,4.03,1,2,1,8,3.84,61.46,3,2.2508,2,2,0.942,0,8,8,3,1.0,1.0,2.11,24.58,14.13,9.75,20.0,8.06,76.52,1
6.7,3.49,4,5,1,2,2.95,45.83,4,3.2902,5,3,0.603,1,8,8,0,1.0,0.0,2.79,18.33,9.04,10.05,14.0,6.98,58.4,0
4.4,4.77,3,4,1,8,2.68,62.24,2,1.8217,1,1,0.609,2,5,5,0,1.0,0.0,3.03,24.9,9.14,8.25,14.0,9.54,65.83,0
4.8,3.63,2,3,1,4,2.25,93.6,0,0.0,1,1,0.778,1,9,9,2,1.0,1.0,3.81,37.44,11.67,12.0,20.0,7.26,88.37,1
7.0,3.48,4,5,1,2,2.78,57.8,4,2.4737,3,2,0.645,0,4,4,1,0.8,1.0,2.76,23.12,9.68,10.5,17.2,6.96,67.46,0
2.6,2.97,1,2,1,2,3.3,74.77,2,1.4907,4,2,0.452,2,7,7,2,1.0,1.0,3.61,29.91,6.78,9.75,20.0,5.94,72.38,0
8.7,3.97,4,5,1,3,3.98,94.52,2,1.2502,0,0,0.791,1,9,9,0,1.0,0.0,2.56,37.81,11.86,13.05,14.0,7.94,84.66,1
0.5,3.88,1,2,1,7,0.37,98.13,0,0.0,3,2,0.61,1,0,0,0,0.0,0.0,3.5,39.25,9.15,1.88,0.0,7.76,58.04,0
6.8,3.51,4,5,1,2,2.17,86.73,0,0.0,1,1,0.9,0,9,9,4,1.0,1.0,3.76,34.69,13.5,10.2,20.0,7.02,85.41,1
11.6,2.87,4,5,1,10,3.16,95.61,0,0.0,4,3,0.666,0,8,8,3,1.0,1.0,4.52,38.24,9.99,15.0,20.0,5.74,88.97,0
0.5,3.6,1,2,1,8,2.9,71.98,3,1.8601,3,2,0.791,1,9,9,0,1.0,0.0,3.67,28.79,11.86,1.88,14.0,7.2,63.73,1
0.5,3.44,1,2,1,4,3.4,95.95,0,0.0,3,2,0.623,1,7,7,3,1.0,1.0,2.93,38.38,9.35,1.88,20.0,6.88,76.49,0
1.3,2.43,3,4,1,11,3.27,59.42,5,3.6855,1,1,0.61,2,1,1,0,0.2,0.0,4.55,23.77,9.15,2.44,2.8,4.86,43.02,0
2.1,2.32,1,2,1,8,2.7,90.66,0,0.0,1,1,0.79,0,3,3,0,1.0,0.0,3.37,36.26,11.85,7.88,14.0,4.64,74.63,1
2.1,3.95,1,2,1,8,2.47,59.14,0,0.0,3,2,0.634,0,0,0,0,0.0,0.0,4.04,23.66,9.51,7.88,0.0,7.9,48.95,0
3.7,1.42,2,3,1,3,2.75,92.27,0,0.0,2,2,0.842,1,6,6,1,1.0,0.5,3.07,36.91,12.63,9.25,17.0,2.84,78.63,1
9.0,3.66,3,4,1,9,4.15,78.03,2,1.4876,4,2,0.604,3,4,4,0,0.8,0.0,3.56,31.21,9.06,15.0,11.2,7.32,73.79,1
0.5,3.12,2,3,1,7,2.27,54.21,6,3.8083,0,0,0.673,1,4,4,0,1.0,0.0,2.94,21.68,10.1,1.25,14.0,6.24,53.27,1
5.0,4.55,2,3,1,11,2.94,37.57,3,2.341,1,1,0.646,2,7,7,1,1.0,1.0,3.73,15.03,9.69,12.5,20.0,9.1,66.32,0
11.9,3.11,4,5,1,6,3.18,55.2,4,3.7568,0,0,0.692,1,8,8,3,1.0,1.0,4.06,22.08,10.38,15.0,20.0,6.22,73.68,0
0.5,4.03,1,2,1,8,4.56,88.0,2,1.5437,0,0,0.764,2,0,0,0,0.0,0.0,3.15,35.2,11.46,1.88,0.0,8.06,56.6,0
1.1,3.18,1,2,1,5,2.7,64.9,1,0.6434,1,1,0.819,0,9,9,3,1.0,1.0,3.11,25.96,12.28,4.12,20.0,6.36,68.72,1
0.5,3.59,1,2,1,2,3.96,47.66,4,2.124,2,1,0.496,3,3,3,1,1.0,1.0,3.75,19.06,7.44,1.88,20.0,7.18,55.56,0
1.8,4.09,2,3,1,3,4.23,84.64,3,1.705,0,0,0.394,3,7,7,1,1.0,0.5,2.92,33.86,5.91,4.5,17.0,8.18,69.45,0
7.2,3.13,4,5,1,10,2.94,93.1,0,0.0,0,0,0.813,1,5,5,0,1.0,0.0,2.44,37.24,12.19,10.8,14.0,6.26,80.49,1
5.6,4.3,1,2,1,9,2.79,57.56,6,5.0511,5,2,0.475,1,4,4,0,1.0,0.0,3.75,23.02,7.12,15.0,14.0,8.6,67.74,0
8.6,2.71,2,3,1,5,2.67,85.05,0,0.0,3,3,0.842,0,2,2,0,0.5,0.0,3.42,34.02,12.63,15.0,7.0,5.42,74.07,0
3.2,3.74,2,3,1,8,2.74,39.27,7,4.1494,4,2,0.502,0,1,1,0,0.333,0.0,3.41,15.71,7.53,8.0,4.66,7.48,43.38,0
8.8,4.24,2,3,1,2,3.85,67.67,3,1.9786,4,3,0.745,0,7,7,0,1.0,0.0,3.86,27.07,11.18,15.0,14.0,8.48,75.73,1
4.1,4.03,2,3,1,2,3.23,69.67,4,2.6395,0,0,0.696,1,3,3,1,1.0,0.5,3.96,27.87,10.44,10.25,17.0,8.06,73.62,1
12.4,5.0,4,5,1,7,3.24,67.61,2,1.9584,3,3,0.949,1,2,2,0,0.4,0.0,3.39,27.04,14.24,15.0,5.6,10.0,71.88,1
5.8,2.89,3,4,1,8,1.87,33.79,4,2.4075,5,4,0.731,1,0,0,0,0.0,0.0,2.71,13.52,10.96,10.88,0.0,5.78,41.14,1
6.3,2.4,3,4,1,11,2.03,86.48,0,0.0,2,1,0.509,2,8,8,1,1.0,0.5,3.05,34.59,7.64,11.81,17.0,4.8,75.84,1
8.9,2.7,4,5,1,9,5.0,77.91,2,1.353,5,4,0.898,0,3,3,1,0.5,1.0,3.91,31.16,13.47,13.35,13.0,5.4,76.38,0
15.9,4.03,4,5,1,4,2.82,81.11,2,1.1344,5,4,0.757,2,3,3,0,0.6,0.0,3.6,32.44,11.36,15.0,8.4,8.06,75.26,0
6.1,3.9,2,3,1,10,2.23,68.05,1,0.5633,3,2,0.816,1,3,3,0,1.0,0.0,3.12,27.22,12.24,15.0,14.0,7.8,76.26,0
0.5,3.58,1,2,1,6,4.43,72.42,3,2.1112,0,0,0.726,0,5,5,1,1.0,0.5,2.95,28.97,10.89,1.88,17.0,7.16,65.9,1
4.4,2.6,1,2,1,10,3.28,64.28,4,2.6128,3,3,0.884,0,4,4,0,1.0,0.0,3.93,25.71,13.26,15.0,14.0,5.2,73.17,0
3.1,4.11,2,3,1,3,3.58,88.6,1,0.5459,5,4,0.757,1,5,5,2,1.0,1.0,3.34,35.44,11.36,7.75,20.0,8.22,82.77,1
4.8,2.52,3,4,1,2,2.86,64.53,2,1.6043,3,2,0.555,3,2,2,0,0.4,0.0,4.03,25.81,8.33,9.0,5.6,5.04,53.78,0
8.3,4.43,3,4,1,2,2.68,92.23,0,0.0,4,4,0.913,0,2,2,0,0.5,0.0,4.12,36.89,13.7,15.0,7.0,8.86,81.45,1
6.1,5.0,3,4,1,11,2.83,78.87,4,2.1542,3,2,0.8,0,8,8,3,1.0,1.0,3.28,31.55,12.0,11.44,20.0,10.0,84.99,0
2.7,3.79,1,2,1,2,1.62,63.56,3,2.7941,2,1,0.741,1,4,4,1,1.0,0.5,4.16,25.42,11.12,10.12,17.0,7.58,71.24,0
2.0,3.97,1,2,1,11,2.91,72.63,3,1.9271,5,3,0.573,2,9,9,0,1.0,0.0,3.6,29.05,8.59,7.5,14.0,7.94,67.08,0
2.8,3.11,1,2,1,9,3.3,68.71,3,2.9421,0,0,0.439,2,8,8,1,1.0,1.0,3.69,27.48,6.58,10.5,20.0,6.22,70.78,1
5.1,2.05,2,3,1,3,4.85,69.03,4,3.8631,2,1,0.59,3,7,7,3,1.0,1.0,1.97,27.61,8.85,12.75,20.0,4.1,73.31,1
1.2,3.02,3,4,1,10,3.09,61.16,2,1.4341,0,0,0.516,1,5,5,1,1.0,0.5,2.82,24.46,7.74,2.25,17.0,6.04,57.49,0
3.7,2.63,1,2,1,3,0.67,63.88,3,1.8429,3,2,0.683,2,8,8,3,1.0,1.0,2.86,25.55,10.24,13.88,20.0,5.26,74.93,1
3.5,2.34,3,4,1,3,2.91,79.75,2,1.8349,5,4,0.73,1,0,0,0,0.0,0.0,3.28,31.9,10.95,6.56,0.0,4.68,54.09,0
2.4,4.88,3,4,1,7,5.0,72.44,1,0.6806,5,4,0.898,0,4,4,1,1.0,0.5,3.58,28.98,13.47,4.5,17.0,9.76,73.71,1
3.9,3.72,2,3,1,4,3.87,76.52,1,0.5818,1,1,0.867,0,7,7,3,1.0,1.0,3.61,30.61,13.0,9.75,20.0,7.44,80.8,1
2.2,3.8,1,2,1,4,2.19,84.48,1,0.7758,4,2,0.585,2,1,1,0,0.5,0.0,3.7,33.79,8.77,8.25,7.0,7.6,65.41,0
6.3,3.25,4,5,1,3,3.59,57.28,5,3.7235,5,2,0.403,1,1,1,0,0.167,0.0,3.02,22.91,6.04,9.45,2.34,6.5,47.24,0
10.1,3.36,4,5,1,8,2.26,71.11,3,2.775,5,4,0.831,0,0,0,0,0.0,0.0,3.98,28.44,12.46,15.0,0.0,6.72,62.62,1
2.6,4.27,3,4,1,2,1.65,67.38,0,0.0,3,2,0.65,0,4,4,1,1.0,1.0,4.77,26.95,9.75,4.88,20.0,8.54,70.12,0
1.0,3.47,1,2,1,4,2.65,33.71,3,2.8142,1,0,0.252,1,5,5,1,1.0,0.5,3.25,13.48,3.78,3.75,17.0,6.94,44.95,1
2.5,3.92,2,3,1,7,3.09,61.36,2,1.7347,2,1,0.606,1,4,4,0,1.0,0.0,3.04,24.54,9.09,6.25,14.0,7.84,61.72,1
3.9,3.34,2,3,1,6,1.13,71.25,1,0.8211,4,4,0.956,0,0,0,0,0.0,0.0,3.02,28.5,14.34,9.75,0.0,6.68,59.27,1
4.7,3.23,2,3,1,8,1.85,92.36,2,1.5002,3,2,0.624,2,4,4,0,1.0,0.0,3.56,36.94,9.36,11.75,14.0,6.46,78.51,1
5.5,2.37,4,5,1,4,3.01,56.84,4,3.9751,2,2,0.787,0,8,8,1,1.0,0.5,3.13,22.74,11.8,8.25,17.0,4.74,64.53,1
9.8,1.92,4,5,1,8,2.59,39.03,3,2.9387,1,0,0.195,3,0,0,0,0.0,0.0,2.29,15.61,2.92,14.7,0.0,3.84,37.07,0
4.2,3.29,2,3,1,9,3.39,72.27,3,2.7733,3,2,0.637,1,7,7,0,1.0,0.0,2.48,28.91,9.56,10.5,14.0,6.58,69.55,0
1.3,3.55,3,4,1,5,1.79,96.66,0,0.0,2,1,0.278,2,2,2,0,0.4,0.0,4.21,38.66,4.17,2.44,5.6,7.1,57.97,0
0.5,2.47,2,3,1,4,3.71,85.04,1,0.7888,2,2,0.759,1,0,0,0,0.0,0.0,4.4,34.02,11.38,1.25,0.0,4.94,51.59,1
2.0,3.47,1,2,1,7,1.82,64.7,2,1.2598,5,5,0.928,1,0,0,0,0.0,0.0,4.62,25.88,13.92,7.5,0.0,6.94,54.24,1
5.4,3.54,3,4,1,7,4.64,61.97,5,4.6886,0,0,0.832,0,0,0,0,0.0,0.0,3.66,24.79,12.48,10.12,0.0,7.08,54.47,1
1.7,1.78,1,2,1,2,1.28,63.25,4,2.0216,1,1,0.626,3,4,4,0,1.0,0.0,2.81,25.3,9.39,6.38,14.0,3.56,58.63,0
1.9,2.77,1,2,1,7,1.91,79.97,1,0.6137,5,2,0.414,3,4,4,0,1.0,0.0,3.19,31.99,6.21,7.12,14.0,5.54,64.86,1
4.6,3.83,2,3,1,3,3.42,87.02,1,0.7019,5,2,0.401,3,6,6,0,1.0,0.0,2.46,34.81,6.02,11.5,14.0,7.66,73.99,0
10.4,3.81,4,5,1,7,4.66,80.34,1,0.7931,1,1,0.775,0,0,0,0,0.0,0.0,2.43,32.14,11.62,15.0,0.0,7.62,66.38,1
0.5,2.58,1,2,1,11,3.32,98.2,0,0.0,5,4,0.88,0,6,6,2,1.0,1.0,3.68,39.28,13.2,1.88,20.0,5.16,79.52,0
1.1,3.63,2,3,1,7,3.56,69.36,4,2.3516,1,1,0.861,0,7,7,2,1.0,1.0,3.88,27.74,12.92,2.75,20.0,7.26,70.67,1
5.3,4.32,4,5,1,9,3.02,88.09,0,0.0,0,0,0.429,1,0,0,0,0.0,0.0,4.87,35.24,6.44,7.95,0.0,8.64,58.27,1
4.7,4.12,2,3,1,5,1.97,72.67,2,1.2223,1,1,0.899,1,6,6,2,1.0,1.0,3.44,29.07,13.48,11.75,20.0,8.24,82.54,1
5.1,3.42,1,2,1,11,2.51,62.9,5,3.3718,3,2,0.637,2,1,1,0,0.333,0.0,2.55,25.16,9.56,15.0,4.66,6.84,61.22,0
6.9,3.13,4,5,1,10,1.79,66.25,3,1.5211,0,0,0.651,0,4,4,1,0.667,0.5,3.41,26.5,9.76,10.35,12.34,6.26,65.21,0
0.5,3.0,1,2,1,11,1.72,40.47,5,4.2311,1,1,0.676,2,6,6,2,1.0,1.0,3.3,16.19,10.14,1.88,20.0,6.0,54.21,0
0.5,3.87,1,2,1,9,3.4,47.34,5,3.1193,4,3,0.64,1,8,8,1,1.0,0.5,3.16,18.94,9.6,1.88,17.0,7.74,55.16,0
1.9,3.66,2,3,1,8,1.88,82.65,0,0.0,3,2,0.524,2,5,5,0,1.0,0.0,3.74,33.06,7.86,4.75,14.0,7.32,66.99,1
2.6,4.0,2,3,1,7,3.32,90.3,0,0.0,3,2,0.583,2,4,4,1,1.0,1.0,2.65,36.12,8.74,6.5,20.0,8.0,79.36,1
7.0,3.61,4,5,1,11,1.7,61.59,1,0.7559,5,4,0.857,0,8,8,2,1.0,1.0,3.59,24.64,12.86,10.5,20.0,7.22,75.22,0
2.1,4.16,1,2,1,10,3.3,55.91,2,1.8598,1,1,0.504,2,2,2,0,0.667,0.0,3.96,22.36,7.56,7.88,9.34,8.32,55.46,1
1.2,3.58,1,2,1,6,2.51,75.6,1,0.5747,5,4,0.756,2,2,2,0,0.667,0.0,4.49,30.24,11.34,4.5,9.34,7.16,62.58,0
6.6,4.13,2,3,1,2,4.41,33.5,6,4.0222,2,2,0.781,0,4,4,0,1.0,0.0,3.72,13.4,11.72,15.0,14.0,8.26,62.38,1
0.5,4.2,1,2,1,2,3.32,44.62,7,5.9221,5,5,0.935,0,1,1,0,0.5,0.0,4.23,17.85,14.02,1.88,7.0,8.4,49.15,0
1.8,2.86,2,3,1,4,4.24,69.58,5,2.6106,4,3,0.658,2,0,0,0,0.0,0.0,3.19,27.83,9.87,4.5,0.0,5.72,47.92,1
3.2,2.05,1,2,1,2,2.24,67.82,1,0.915,1,0,0.379,2,3,3,0,1.0,0.0,3.29,27.13,5.68,12.0,14.0,4.1,62.91,1
4.2,4.73,4,5,1,4,3.06,85.22,1,0.9809,1,0,0.264,3,1,1,0,0.2,0.0,4.44,34.09,3.96,6.3,2.8,9.46,56.61,0
5.0,3.71,2,3,1,3,2.02,79.45,3,2.4115,3,3,0.849,0,6,6,2,1.0,1.0,2.54,31.78,12.74,12.5,20.0,7.42,84.44,1
4.3,2.13,2,3,1,11,2.59,73.73,1,0.9783,3,2,0.747,1,5,5,1,1.0,0.5,3.22,29.49,11.2,10.75,17.0,4.26,72.7,1
3.6,2.93,2,3,1,2,2.74,77.66,2,1.4131,1,1,0.577,1,4,4,1,1.0,1.0,4.29,31.06,8.65,9.0,20.0,5.86,74.57,1
8.0,4.12,2,3,1,8,2.27,80.64,3,2.1225,1,0,0.457,2,4,4,1,1.0,0.5,3.35,32.26,6.86,15.0,17.0,8.24,79.36,1
0.5,3.28,1,2,1,5,1.78,78.85,2,1.1062,5,4,0.875,0,0,0,0,0.0,0.0,3.3,31.54,13.12,1.88,0.0,6.56,53.1,0
7.2,3.09,1,2,1,3,1.59,64.12,2,1.0354,4,2,0.483,0,4,4,1,1.0,0.5,3.31,25.65,7.24,15.0,17.0,6.18,71.07,0
7.4,4.62,4,5,1,9,0.66,58.9,4,2.489,1,1,0.72,2,0,0,0,0.0,0.0,3.58,23.56,10.8,11.1,0.0,9.24,54.7,0
4.8,2.66,4,5,1,11,1.94,48.45,3,2.2172,4,2,0.578,1,3,3,0,0.5,0.0,4.26,19.38,8.67,7.2,7.0,5.32,47.57,0
6.2,2.86,3,4,1,9,3.63,83.26,1,0.7538,0,0,0.847,2,6,6,0,1.0,0.0,4.15,33.3,12.7,11.62,14.0,5.72,77.34,1
1.3,3.67,2,3,1,11,1.4,62.96,1,0.6088,2,2,0.918,0,9,9,1,1.0,1.0,3.51,25.18,13.77,3.25,20.0,7.34,69.54,1
0.5,3.81,1,2,1,7,1.63,68.32,0,0.0,0,0,0.838,2,2,2,0,0.667,0.0,4.26,27.33,12.57,1.88,9.34,7.62,58.74,1
7.0,3.9,3,4,1,8,4.79,79.31,3,1.7718,3,1,0.464,2,2,2,0,0.5,0.0,3.74,31.72,6.96,13.12,7.0,7.8,66.6,0
3.4,4.23,1,2,1,3,2.36,79.88,1,0.6631,1,1,0.652,0,6,6,2,1.0,1.0,4.1,31.95,9.78,12.75,20.0,8.46,82.94,1
2.4,3.66,2,3,1,10,3.32,85.81,0,0.0,1,1,0.702,2,9,9,0,1.0,0.0,2.78,34.32,10.53,6.0,14.0,7.32,72.17,1
6.5,3.89,2,3,1,9,3.64,68.45,3,2.545,1,1,0.664,1,2,2,0,0.667,0.0,4.72,27.38,9.96,15.0,9.34,7.78,69.46,1
6.9,3.29,2,3,1,4,3.66,67.91,4,3.0331,1,1,0.727,0,8,8,2,1.0,1.0,3.65,27.16,10.9,15.0,20.0,6.58,79.64,1
7.6,3.55,2,3,1,5,1.48,76.52,0,0.0,0,0,0.76,1,3,3,0,1.0,0.0,1.58,30.61,11.4,15.0,14.0,7.1,78.11,0
9.3,3.59,4,5,1,8,2.77,58.48,1,0.5286,3,1,0.482,1,6,6,1,1.0,0.5,4.66,23.39,7.23,13.95,17.0,7.18,68.75,1
7.4,3.67,2,3,1,2,1.38,84.35,1,0.7127,5,3,0.544,1,2,2,0,0.5,0.0,3.5,33.74,8.16,15.0,7.0,7.34,71.24,0
3.3,4.12,4,5,1,10,5.0,70.98,3,2.9504,1,1,0.615,1,2,2,0,0.4,0.0,3.22,28.39,9.22,4.95,5.6,8.24,56.4,0
7.2,3.94,4,5,1,4,1.41,64.62,3,1.5804,4,2,0.589,1,9,9,1,1.0,1.0,3.08,25.85,8.83,10.8,20.0,7.88,73.36,1
1.8,3.54,2,3,1,2,1.95,62.0,5,3.5459,3,2,0.544,0,3,3,1,1.0,0.5,3.81,24.8,8.16,4.5,17.0,7.08,61.54,0
4.3,2.85,2,3,1,5,1.96,86.63,0,0.0,1,1,0.807,0,0,0,0,0.0,0.0,2.88,34.65,12.1,10.75,0.0,5.7,63.2,1
2.6,3.55,2,3,1,10,1.5,60.47,3,1.72,0,0,0.366,2,7,7,2,1.0,1.0,3.1,24.19,5.49,6.5,20.0,7.1,63.28,1
3.6,3.48,2,3,1,4,4.35,33.2,6,4.3876,4,4,0.918,1,1,1,0,0.333,0.0,3.11,13.28,13.77,9.0,4.66,6.96,47.67,0
8.7,3.65,2,3,1,7,5.0,74.53,1,0.5788,0,0,0.394,2,1,1,0,0.25,0.0,3.3,29.81,5.91,15.0,3.5,7.3,61.52,0
1.6,5.0,1,2,1,10,2.52,75.1,2,1.5188,2,1,0.734,0,8,8,3,1.0,1.0,3.14,30.04,11.01,6.0,20.0,10.0,77.05,1
9.0,3.08,4,5,1,2,1.68,77.18,3,2.8841,0,0,0.748,1,3,3,0,0.5,0.0,4.1,30.87,11.22,13.5,7.0,6.16,68.75,1
1.4,3.84,1,2,1,9,0.76,52.88,3,1.8006,4,3,0.874,0,1,1,0,0.333,0.0,3.69,21.15,13.11,5.25,4.66,7.68,51.85,1
4.2,4.35,2,3,1,4,2.76,44.6,4,2.2144,5,4,0.735,0,9,9,4,1.0,1.0,3.78,17.84,11.02,10.5,20.0,8.7,68.06,1
6.0,3.58,3,4,1,8,2.68,65.1,1,0.9126,1,1,0.742,0,2,2,0,0.5,0.0,3.93,26.04,11.13,11.25,7.0,7.16,62.58,0
5.1,5.0,2,3,1,3,2.35,32.44,5,3.6507,1,1,0.587,2,6,6,2,1.0,1.0,3.43,12.98,8.8,12.75,20.0,10.0,64.53,0
6.9,3.2,2,3,1,3,3.22,50.86,3,2.8239,3,2,0.525,0,2,2,0,0.667,0.0,2.79,20.34,7.88,15.0,9.34,6.4,58.96,1
6.1,3.76,1,2,1,9,3.4,90.09,1,0.6531,3,2,0.769,0,5,5,1,1.0,1.0,4.76,36.04,11.54,15.0,20.0,7.52,90.1,1
4.8,2.86,2,3,1,10,3.32,83.78,0,0.0,2,2,0.9,0,6,6,2,1.0,1.0,4.15,33.51,13.5,12.0,20.0,5.72,84.73,1
3.5,3.22,1,2,1,11,2.68,88.53,3,2.885,2,2,0.893,1,7,7,1,1.0,1.0,4.63,35.41,13.4,13.12,20.0,6.44,88.37,1
0.5,3.7,1,2,1,8,1.9,82.35,3,1.7575,1,1,0.647,2,4,4,0,1.0,0.0,4.22,32.94,9.7,1.88,14.0,7.4,65.92,0
3.8,4.18,2,3,1,6,3.67,51.71,5,4.5018,1,1,0.908,1,6,6,0,1.0,0.0,3.18,20.68,13.62,9.5,14.0,8.36,66.16,1
6.4,3.76,2,3,1,3,3.01,88.07,2,1.6315,3,2,0.825,1,8,8,2,1.0,1.0,1.86,35.23,12.38,15.0,20.0,7.52,90.13,0
6.2,4.51,2,3,1,4,3.89,71.49,1,0.9065,4,2,0.58,1,8,8,1,1.0,1.0,2.64,28.6,8.7,15.0,20.0,9.02,81.32,1
4.5,3.42,2,3,1,8,3.79,59.78,3,1.756,4,3,0.797,0,7,7,3,1.0,1.0,3.95,23.91,11.96,11.25,20.0,6.84,73.96,1
4.2,3.23,1,2,1,5,1.58,83.66,1,0.717,3,1,0.363,3,3,3,0,1.0,0.0,3.43,33.46,5.44,15.0,14.0,6.46,74.36,1
9.2,5.0,4,5,1,6,1.57,74.35,4,2.2577,4,4,0.936,0,5,5,0,0.833,0.0,3.21,29.74,14.04,13.8,11.66,10.0,79.24,1
9.0,3.82,3,4,1,3,2.24,66.77,1,0.98,3,3,0.962,0,9,9,4,1.0,1.0,1.75,26.71,14.43,15.0,20.0,7.64,83.78,1
4.7,2.92,2,3,1,6,1.94,75.15,1,0.5313,2,2,0.94,0,2,2,0,0.5,0.0,3.49,30.06,14.1,11.75,7.0,5.84,68.75,1
1.1,2.94,1,2,1,4,3.76,86.81,1,0.5327,2,1,0.728,1,6,6,2,1.0,1.0,2.74,34.72,10.92,4.12,20.0,5.88,75.64,1
2.8,2.75,1,2,1,3,3.35,87.16,0,0.0,3,1,0.421,1,7,7,3,1.0,1.0,2.99,34.86,6.32,10.5,20.0,5.5,77.18,1
0.5,4.25,3,4,1,3,4.1,91.83,1,0.6504,1,0,0.46,2,4,4,0,0.8,0.0,4.1,36.73,6.9,0.94,11.2,8.5,64.27,1
9.0,3.21,4,5,1,7,3.4,87.92,0,0.0,4,3,0.701,1,8,8,1,1.0,1.0,2.78,35.17,10.51,13.5,20.0,6.42,85.6,1
0.5,3.6,3,4,1,5,3.21,78.54,2,1.2875,1,1,0.762,0,4,4,0,0.8,0.0,2.85,31.42,11.43,0.94,11.2,7.2,62.19,1
1.7,3.45,3,4,1,2,4.2,81.09,3,2.4731,0,0,0.593,1,8,8,1,1.0,1.0,3.63,32.44,8.9,3.19,20.0,6.9,71.43,0
5.1,4.09,2,3,1,7,3.47,73.45,2,1.1925,2,1,0.633,1,6,6,2,1.0,1.0,4.11,29.38,9.5,12.75,20.0,8.18,79.81,1
3.2,2.82,1,2,1,3,3.07,67.66,2,1.4589,0,0,0.575,1,0,0,0,0.0,0.0,3.22,27.06,8.62,12.0,0.0,5.64,53.32,0
0.5,2.64,1,2,1,2,4.48,67.19,1,0.7667,1,1,0.675,0,8,8,0,1.0,0.0,4.53,26.88,10.12,1.88,14.0,5.28,58.16,0
0.5,3.68,1,2,1,3,3.12,79.66,0,0.0,2,2,0.751,2,6,6,1,1.0,1.0,2.6,31.86,11.26,1.88,20.0,7.36,72.36,1
9.4,3.98,3,4,1,6,2.7,66.42,1,0.6259,0,0,0.469,2,2,2,0,0.4,0.0,2.48,26.57,7.03,15.0,5.6,7.96,62.16,0
2.8,3.77,2,3,1,11,2.16,69.69,3,1.7103,1,1,0.763,1,7,7,2,1.0,1.0,2.42,27.88,11.44,7.0,20.0,7.54,73.86,0
7.6,2.85,1,2,1,4,3.7,58.13,3,2.5592,3,3,0.881,0,5,5,0,1.0,0.0,2.34,23.25,13.22,15.0,14.0,5.7,71.17,1
4.0,4.04,2,3,1,4,4.24,82.05,1,0.5841,2,2,0.839,0,9,9,1,1.0,1.0,3.74,32.82,12.58,10.0,20.0,8.08,83.48,1
5.0,2.9,2,3,1,4,2.95,89.37,0,0.0,5,3,0.646,1,3,3,0,0.75,0.0,2.82,35.75,9.69,12.5,10.5,5.8,74.24,1
8.0,3.08,2,3,1,5,4.31,42.78,2,1.3369,0,0,0.827,2,2,2,0,0.667,0.0,2.51,17.11,12.4,15.0,9.34,6.16,60.01,1
2.3,2.74,1,2,1,9,1.03,86.66,0,0.0,4,3,0.803,0,0,0,0,0.0,0.0,3.77,34.66,12.04,8.62,0.0,5.48,60.8,1
0.5,4.54,1,2,1,5,2.94,96.36,0,0.0,3,2,0.673,0,7,7,1,1.0,1.0,4.08,38.54,10.1,1.88,20.0,9.08,79.6,1
1.7,4.01,1,2,1,8,2.96,76.04,2,1.4279,3,2,0.648,3,9,9,2,1.0,1.0,4.24,30.42,9.72,6.38,20.0,8.02,74.54,1
1.9,3.98,1,2,1,10,2.27,48.53,8,7.4844,4,3,0.832,0,6,6,1,1.0,1.0,4.11,19.41,12.48,7.12,20.0,7.96,66.97,0
0.6,4.5,2,3,1,11,5.0,85.99,3,2.5197,0,0,0.839,0,3,3,0,1.0,0.0,2.86,34.4,12.58,1.5,14.0,9.0,71.48,0
1.4,5.0,1,2,1,7,2.93,55.91,2,1.8385,4,1,0.279,2,8,8,0,1.0,0.0,3.69,22.36,4.19,5.25,14.0,10.0,55.8,0
0.5,2.13,1,2,1,9,2.59,77.77,2,1.7164,1,1,0.774,1,2,2,0,1.0,0.0,3.85,31.11,11.61,1.88,14.0,4.26,62.86,0
6.3,2.91,2,3,1,11,3.03,62.67,3,1.7229,3,2,0.823,2,6,6,2,1.0,1.0,3.17,25.07,12.34,15.0,20.0,5.82,78.23,1
6.1,3.01,3,4,1,9,1.0,92.67,1,0.989,1,1,0.822,0,5,5,1,1.0,0.5,3.62,37.07,12.33,11.44,17.0,6.02,83.86,0
7.3,2.82,4,5,1,4,2.24,58.85,4,3.5732,2,2,0.816,1,8,8,0,1.0,0.0,2.62,23.54,12.24,10.95,14.0,5.64,66.37,1
1.7,2.64,1,2,1,3,3.98,61.48,4,3.1454,4,1,0.349,2,9,9,2,1.0,1.0,3.06,24.59,5.24,6.38,20.0,5.28,61.49,1
4.6,3.26,2,3,1,3,2.37,56.76,3,1.7478,5,2,0.349,1,3,3,0,1.0,0.0,3.76,22.7,5.24,11.5,14.0,6.52,59.96,0
3.5,2.53,1,2,1,10,2.17,73.69,2,1.1727,5,1,0.239,2,0,0,0,0.0,0.0,4.56,29.48,3.58,13.12,0.0,5.06,51.24,1
1.5,3.77,2,3,1,7,4.31,70.02,3,2.4215,4,2,0.402,1,1,1,0,0.25,0.0,4.31,28.01,6.03,3.75,3.5,7.54,48.83,1
1.4,3.54,2,3,1,4,4.34,64.65,3,2.1243,3,3,0.937,1,7,7,3,1.0,1.0,3.96,25.86,14.06,3.5,20.0,7.08,70.5,1
6.8,3.88,2,3,1,5,3.52,76.13,2,1.6759,3,2,0.806,1,3,3,0,1.0,0.0,3.56,30.45,12.09,15.0,14.0,7.76,79.3,0
3.0,3.91,2,3,1,4,2.54,85.39,0,0.0,5,4,0.828,0,1,1,0,0.25,0.0,3.45,34.16,12.42,7.5,3.5,7.82,65.4,0
0.5,3.98,1,2,1,10,2.76,59.53,2,1.5128,1,1,0.744,0,8,8,2,1.0,1.0,2.49,23.81,11.16,1.88,20.0,7.96,64.81,1
5.1,3.2,2,3,1,8,2.2,72.68,2,1.188,5,3,0.64,1,6,6,1,1.0,1.0,2.92,29.07,9.6,12.75,20.0,6.4,77.82,0
5.2,5.0,2,3,1,10,2.01,79.83,0,0.0,3,2,0.727,1,1,1,0,0.333,0.0,2.94,31.93,10.9,13.0,4.66,10.0,70.49,0
2.2,3.69,3,4,1,5,1.96,84.08,1,0.5378,3,2,0.815,0,7,7,2,1.0,1.0,3.9,33.63,12.22,4.12,20.0,7.38,77.35,1
8.6,2.01,4,5,1,6,2.38,96.57,0,0.0,3,1,0.424,1,6,6,0,1.0,0.0,4.16,38.63,6.36,12.9,14.0,4.02,75.91,1
7.8,2.7,3,4,1,3,1.97,92.85,1,0.7777,4,2,0.568,2,9,9,3,1.0,1.0,4.02,37.14,8.52,14.62,20.0,5.4,85.68,0
2.9,2.11,1,2,1,11,1.44,77.34,2,1.9471,4,2,0.535,3,9,9,2,1.0,1.0,4.33,30.94,8.02,10.88,20.0,4.22,74.06,0
5.6,3.51,2,3,1,7,3.22,46.61,4,3.499,0,0,0.727,1,9,9,1,1.0,1.0,3.55,18.64,10.9,14.0,20.0,7.02,70.56,0
0.5,3.4,1,2,1,7,3.23,86.69,1,0.8844,4,3,0.628,2,8,8,3,1.0,1.0,2.81,34.68,9.42,1.88,20.0,6.8,72.78,1
4.8,3.13,2,3,1,6,4.7,83.11,0,0.0,4,1,0.16,2,7,7,2,1.0,1.0,3.47,33.24,2.4,12.0,20.0,6.26,73.9,1
3.2,5.0,2,3,1,4,2.33,52.12,2,1.8155,5,3,0.672,3,6,6,1,1.0,1.0,2.99,20.85,10.08,8.0,20.0,10.0,68.93,0
2.8,3.94,2,3,1,11,3.3,89.29,1,0.971,5,4,0.735,1,5,5,2,1.0,1.0,3.96,35.72,11.02,7.0,20.0,7.88,81.62,1
4.2,4.08,1,2,1,6,3.31,60.07,4,3.4435,5,4,0.706,0,7,7,2,1.0,1.0,3.25,24.03,10.59,15.0,20.0,8.16,77.78,0
5.7,2.76,1,2,1,8,2.75,74.1,3,1.6584,0,0,0.46,3,9,9,0,1.0,0.0,3.43,29.64,6.9,15.0,14.0,5.52,71.06,0
6.5,2.7,1,2,1,2,3.74,64.83,3,2.4765,3,2,0.734,2,1,1,0,0.333,0.0,3.99,25.93,11.01,15.0,4.66,5.4,62.0,0
7.3,3.53,2,3,1,4,3.78,67.7,3,1.6806,5,3,0.585,2,1,1,0,0.333,0.0,2.98,27.08,8.77,15.0,4.66,7.06,62.57,0
1.7,3.64,1,2,1,10,3.33,63.55,4,2.1544,5,2,0.479,1,4,4,1,1.0,0.5,4.17,25.42,7.18,6.38,17.0,7.28,63.26,1
4.9,2.01,2,3,1,2,2.74,71.79,3,2.5394,3,3,0.886,1,2,2,0,0.5,0.0,2.56,28.72,13.29,12.25,7.0,4.02,65.28,0
9.9,3.36,4,5,1,3,2.64,82.18,2,1.8348,5,2,0.456,1,5,5,1,0.833,1.0,3.71,32.87,6.84,14.85,17.66,6.72,78.94,1
4.3,3.51,2,3,1,10,1.63,88.83,0,0.0,5,3,0.557,2,3,3,0,0.75,0.0,3.44,35.53,8.36,10.75,10.5,7.02,72.16,1
2.3,3.33,1,2,1,5,2.19,83.74,0,0.0,0,0,0.654,2,7,7,1,1.0,0.5,4.08,33.5,9.81,8.62,17.0,6.66,75.59,1
4.1,2.85,1,2,1,4,2.38,71.53,2,1.8865,5,4,0.734,2,8,8,3,1.0,1.0,2.54,28.61,11.01,15.0,20.0,5.7,80.32,0
7.9,3.07,4,5,1,7,1.88,49.72,4,2.2644,3,3,0.916,0,2,2,0,0.333,0.0,2.43,19.89,13.74,11.85,4.66,6.14,56.28,0
4.2,3.36,3,4,1,3,3.44,69.83,3,1.5526,3,2,0.578,0,7,7,0,1.0,0.0,4.03,27.93,8.67,7.88,14.0,6.72,65.2,1
3.0,3.57,2,3,1,2,4.2,44.72,5,4.3026,1,1,0.682,0,1,1,0,0.25,0.0,3.23,17.89,10.23,7.5,3.5,7.14,46.26,1
5.6,3.98,2,3,1,2,2.09,77.17,1,0.9239,5,4,0.714,1,7,7,2,1.0,1.0,3.44,30.87,10.71,14.0,20.0,7.96,83.54,0
2.0,4.36,1,2,1,2,3.28,53.23,5,3.7862,1,0,0.494,1,6,6,0,1.0,0.0,3.04,21.29,7.41,7.5,14.0,8.72,58.92,0
2.9,3.26,1,2,1,3,1.97,71.87,1,0.77,2,2,0.853,1,7,7,1,1.0,0.5,4.14,28.75,12.8,10.88,17.0,6.52,75.95,1
3.7,3.14,1,2,1,8,2.7,59.72,4,2.6737,1,1,0.66,1,4,4,0,1.0,0.0,3.71,23.89,9.9,13.88,14.0,6.28,67.95,0
1.1,3.85,1,2,1,4,2.31,84.03,0,0.0,5,4,0.79,0,1,1,0,0.5,0.0,3.67,33.61,11.85,4.12,7.0,7.7,64.28,1
3.9,3.99,1,2,1,2,3.6,92.14,0,0.0,2,1,0.361,2,8,8,0,1.0,0.0,2.68,36.86,5.42,14.62,14.0,7.98,78.88,0
2.9,3.15,1,2,1,2,2.32,75.32,2,1.8493,0,0,0.565,2,1,1,0,0.333,0.0,3.85,30.13,8.48,10.88,4.66,6.3,60.45,1
0.5,4.13,1,2,1,6,4.01,59.67,2,1.3212,0,0,0.946,0,4,4,1,1.0,0.5,2.81,23.87,14.19,1.88,17.0,8.26,65.2,1
9.6,4.28,3,4,1,10,2.75,87.9,0,0.0,5,5,0.924,0,1,1,0,0.25,0.0,3.04,35.16,13.86,15.0,3.5,8.56,76.08,1
0.7,4.53,1,2,1,5,2.35,78.72,1,0.6339,1,1,0.579,1,8,8,0,1.0,0.0,2.54,31.49,8.68,2.62,14.0,9.06,65.85,1
3.9,4.92,4,5,1,2,1.75,60.04,3,1.5759,4,1,0.372,2,5,5,1,1.0,1.0,3.39,24.02,5.58,5.85,20.0,9.84,65.29,0
1.4,2.81,2,3,1,4,3.25,73.58,1,0.6405,0,0,0.801,1,5,5,0,1.0,0.0,4.25,29.43,12.02,3.5,14.0,5.62,64.57,0
0.5,3.51,1,2,1,6,3.9,61.93,4,2.0513,5,2,0.407,1,3,3,0,1.0,0.0,3.66,24.77,6.1,1.88,14.0,7.02,53.77,1
6.1,3.51,3,4,1,3,3.27,79.09,0,0.0,3,2,0.564,3,7,7,1,1.0,0.5,3.19,31.64,8.46,11.44,17.0,7.02,75.56,1
3.3,3.42,2,3,1,11,5.0,64.02,2,1.2559,1,1,0.835,0,2,2,0,0.667,0.0,3.58,25.61,12.52,8.25,9.34,6.84,62.56,1
3.2,2.98,2,3,1,9,4.43,52.76,1,0.8451,5,5,0.905,0,7,7,1,1.0,1.0,3.57,21.1,13.58,8.0,20.0,5.96,68.64,1
3.5,2.31,1,2,1,5,2.69,79.42,3,2.3148,1,1,0.683,1,9,9,4,1.0,1.0,3.55,31.77,10.24,13.12,20.0,4.62,79.75,1
6.8,3.57,3,4,1,11,2.68,92.15,1,0.9187,5,4,0.877,0,2,2,0,0.4,0.0,3.62,36.86,13.16,12.75,5.6,7.14,75.51,1
8.8,2.89,4,5,1,5,3.47,84.35,4,3.9208,3,3,0.886,0,6,6,1,1.0,0.5,2.77,33.74,13.29,13.2,17.0,5.78,83.01,1
9.0,3.57,4,5,1,3,2.16,73.33,4,2.7346,2,1,0.386,3,3,3,1,0.5,1.0,3.57,29.33,5.79,13.5,13.0,7.14,68.76,0
5.5,2.86,2,3,1,11,4.17,81.24,1,0.5442,0,0,0.971,0,9,9,2,1.0,1.0,2.27,32.5,14.56,13.75,20.0,5.72,86.53,1
0.5,2.62,2,3,1,11,3.36,84.3,2,1.7496,1,0,0.402,1,8,8,3,1.0,1.0,3.9,33.72,6.03,1.25,20.0,5.24,66.24,1
7.1,3.69,4,5,1,5,3.26,66.56,2,1.0213,0,0,0.877,0,3,3,0,0.6,0.0,2.73,26.62,13.16,10.65,8.4,7.38,66.21,0
0.5,3.62,2,3,1,7,3.69,68.38,4,2.4459,5,2,0.41,1,2,2,0,0.667,0.0,4.32,27.35,6.15,1.25,9.34,7.24,51.33,0
4.1,3.96,2,3,1,3,4.72,81.09,1,0.5266,0,0,0.458,2,0,0,0,0.0,0.0,1.79,32.44,6.87,10.25,0.0,7.92,57.48,0
4.0,5.0,2,3,1,8,3.17,88.36,1,0.9491,0,0,0.825,0,6,6,0,1.0,0.0,4.67,35.34,12.38,10.0,14.0,10.0,81.72,1
8.6,3.72,3,4,1,8,2.89,94.74,1,0.5026,0,0,0.86,0,9,9,4,1.0,1.0,2.35,37.9,12.9,15.0,20.0,7.44,93.24,1
5.0,3.89,1,2,1,9,4.51,45.84,3,2.2391,5,4,0.789,0,1,1,0,0.5,0.0,2.66,18.34,11.84,15.0,7.0,7.78,59.96,1
8.5,2.64,4,5,1,7,3.97,59.18,6,4.272,5,3,0.668,1,8,8,2,1.0,1.0,3.71,23.67,10.02,12.75,20.0,5.28,71.72,1
6.7,2.47,4,5,1,9,2.68,60.61,1,0.8264,4,2,0.423,1,7,7,1,1.0,0.5,3.93,24.24,6.34,10.05,17.0,4.94,62.57,1
3.2,4.77,1,2,1,7,3.01,86.85,0,0.0,0,0,0.867,1,4,4,0,1.0,0.0,3.3,34.74,13.0,12.0,14.0,9.54,83.28,0
6.7,2.76,4,5,1,10,3.2,86.09,0,0.0,3,1,0.499,3,2,2,0,0.4,0.0,4.12,34.44,7.48,10.05,5.6,5.52,63.09,1
4.0,2.66,2,3,1,3,3.36,72.17,2,1.7343,5,4,0.769,0,6,6,2,1.0,1.0,2.94,28.87,11.54,10.0,20.0,5.32,75.73,0
4.5,3.47,1,2,1,6,1.64,81.16,1,0.7161,0,0,0.762,0,5,5,1,1.0,1.0,3.22,32.46,11.43,15.0,20.0,6.94,85.83,1
0.6,3.43,1,2,1,6,1.46,79.46,1,0.679,4,3,0.655,2,8,8,3,1.0,1.0,3.29,31.78,9.83,2.25,20.0,6.86,70.72,1
4.0,2.78,1,2,1,7,2.11,84.02,2,1.8159,0,0,0.915,0,5,5,0,1.0,0.0,3.12,33.61,13.73,15.0,14.0,5.56,81.9,0
3.7,3.26,1,2,1,3,2.04,83.37,0,0.0,4,3,0.863,0,0,0,0,0.0,0.0,2.15,33.35,12.94,13.88,0.0,6.52,66.69,0
3.6,4.48,3,4,1,5,2.36,90.28,1,0.6995,3,3,0.887,1,2,2,0,0.5,0.0,3.48,36.11,13.3,6.75,7.0,8.96,72.12,1
4.4,2.86,1,2,1,11,3.63,84.58,2,1.3414,5,5,0.92,1,3,3,0,1.0,0.0,3.42,33.83,13.8,15.0,14.0,5.72,82.35,1
5.7,2.39,2,3,1,3,2.83,82.58,2,1.0389,2,2,0.976,0,4,4,0,1.0,0.0,4.25,33.03,14.64,14.25,14.0,4.78,80.7,1
2.3,4.25,1,2,1,8,3.2,79.01,1,0.5409,4,2,0.479,2,3,3,1,1.0,1.0,2.6,31.6,7.18,8.62,20.0,8.5,75.9,0
6.1,3.89,4,5,1,8,1.78,72.25,1,0.527,5,4,0.814,0,8,8,3,1.0,1.0,3.05,28.9,12.21,9.15,20.0,7.78,78.04,1
1.9,3.0,2,3,1,6,2.54,77.79,1,0.5122,1,1,0.771,0,2,2,0,0.5,0.0,4.34,31.12,11.56,4.75,7.0,6.0,60.43,0
2.7,2.23,2,3,1,2,3.59,81.78,2,1.1529,3,3,0.882,0,6,6,1,1.0,1.0,3.71,32.71,13.23,6.75,20.0,4.46,77.15,0
3.4,2.9,1,2,1,2,3.59,89.26,1,0.9286,2,1,0.673,2,3,3,0,1.0,0.0,3.88,35.7,10.1,12.75,14.0,5.8,78.35,1
0.5,3.46,1,2,1,4,2.28,82.48,0,0.0,2,1,0.615,0,9,9,2,1.0,1.0,3.82,32.99,9.22,1.88,20.0,6.92,71.01,1
7.1,4.43,3,4,1,3,3.16,56.38,6,5.5367,4,2,0.554,2,9,9,3,1.0,1.0,3.82,22.55,8.31,13.31,20.0,8.86,73.03,1
2.9,2.67,3,4,1,2,5.0,50.6,5,4.0595,1,0,0.487,2,7,7,1,1.0,1.0,4.77,20.24,7.3,5.44,20.0,5.34,58.32,1
7.5,3.43,4,5,1,3,2.98,71.46,4,3.2481,0,0,0.522,2,7,7,0,1.0,0.0,3.56,28.58,7.83,11.25,14.0,6.86,68.52,1
2.3,4.04,1,2,1,3,2.31,88.52,1,0.562,2,2,0.791,0,6,6,0,1.0,0.0,2.79,35.41,11.86,8.62,14.0,8.08,77.97,1
10.1,1.59,2,3,1,10,2.83,87.46,3,2.5484,4,3,0.761,0,5,5,2,1.0,1.0,3.95,34.98,11.42,15.0,20.0,3.18,84.58,0
0.5,4.33,1,2,1,8,3.09,70.15,1,0.64,0,0,0.509,0,5,5,1,1.0,0.5,3.1,28.06,7.64,1.88,17.0,8.66,63.24,0
11.7,2.55,4,5,1,2,2.85,62.81,2,1.5193,2,1,0.738,1,0,0,0,0.0,0.0,3.42,25.12,11.07,15.0,0.0,5.1,56.29,0
2.4,3.77,1,2,1,8,2.97,60.07,5,4.8868,4,2,0.596,0,9,9,1,1.0,1.0,3.76,24.03,8.94,9.0,20.0,7.54,69.51,0
5.0,3.7,2,3,1,3,1.56,88.71,2,1.8706,2,2,0.925,0,9,9,2,1.0,1.0,2.93,35.48,13.88,12.5,20.0,7.4,89.26,0
2.3,4.37,1,2,1,6,2.04,73.55,2,1.2332,3,2,0.603,2,5,5,0,1.0,0.0,3.14,29.42,9.04,8.62,14.0,8.74,69.82,1
5.1,3.94,2,3,1,2,2.85,82.56,0,0.0,3,1,0.305,2,8,8,3,1.0,1.0,3.83,33.02,4.58,12.75,20.0,7.88,78.23,0
1.6,1.6,1,2,1,2,2.83,77.85,1,0.552,4,3,0.781,1,4,4,0,1.0,0.0,3.12,31.14,11.72,6.0,14.0,3.2,66.06,1
9.6,2.87,3,4,1,3,2.43,55.71,5,2.5669,5,2,0.324,2,1,1,0,0.2,0.0,4.18,22.28,4.86,15.0,2.8,5.74,50.68,0
2.9,3.61,2,3,1,6,2.82,80.16,3,1.5423,2,1,0.522,2,8,8,0,1.0,0.0,2.81,32.06,7.83,7.25,14.0,7.22,68.36,1
8.8,3.34,3,4,1,6,3.06,70.91,2,1.1702,2,1,0.604,1,5,5,0,1.0,0.0,2.81,28.36,9.06,15.0,14.0,6.68,73.1,0
6.4,3.88,4,5,1,5,3.89,26.7,8,6.7798,1,0,0.428,2,9,9,0,1.0,0.0,4.83,10.68,6.42,9.6,14.0,7.76,48.46,1
1.8,4.13,1,2,1,8,2.9,60.09,4,2.7266,2,1,0.673,0,2,2,0,1.0,0.0,2.43,24.04,10.1,6.75,14.0,8.26,63.15,0
5.3,3.99,4,5,1,9,3.4,58.48,4,2.0319,5,3,0.583,1,4,4,1,0.8,1.0,3.48,23.39,8.74,7.95,17.2,7.98,65.26,1
5.1,3.33,2,3,1,9,2.46,84.49,1,0.994,3,1,0.46,3,6,6,2,1.0,1.0,4.8,33.8,6.9,12.75,20.0,6.66,80.11,1
7.6,2.02,2,3,1,7,3.57,53.9,4,3.0668,4,3,0.779,0,1,1,0,0.25,0.0,3.48,21.56,11.68,15.0,3.5,4.04,55.78,1
1.8,3.14,1,2,1,7,3.38,88.59,3,2.0908,2,1,0.466,2,9,9,2,1.0,1.0,4.44,35.44,6.99,6.75,20.0,6.28,75.46,1
7.5,3.83,4,5,1,6,3.87,56.57,2,1.5188,4,2,0.608,0,6,6,2,1.0,1.0,3.96,22.63,9.12,11.25,20.0,7.66,70.66,0
1.2,2.63,2,3,1,4,3.71,71.01,2,1.52,4,1,0.227,2,1,1,0,0.333,0.0,3.49,28.4,3.4,3.0,4.66,5.26,44.72,1
5.4,4.01,3,4,1,6,3.59,88.37,1,0.7351,3,1,0.228,2,7,7,2,1.0,1.0,3.41,35.35,3.42,10.12,20.0,8.02,76.91,1
0.5,4.23,1,2,1,2,2.9,79.8,2,1.6129,5,4,0.845,0,8,8,3,1.0,1.0,2.02,31.92,12.68,1.88,20.0,8.46,74.94,0
3.7,3.6,3,4,1,11,3.24,75.49,3,2.8284,5,4,0.83,2,3,3,0,0.75,0.0,3.28,30.2,12.45,6.94,10.5,7.2,67.29,1
4.6,1.05,2,3,1,5,4.06,76.4,2,1.3017,0,0,0.769,0,6,6,0,1.0,0.0,3.66,30.56,11.54,11.5,14.0,2.1,69.7,1
9.3,2.48,3,4,1,9,2.35,65.99,3,2.2305,1,0,0.434,2,7,7,0,1.0,0.0,3.66,26.4,6.51,15.0,14.0,4.96,66.87,0
9.0,5.0,1,2,1,11,2.37,77.51,0,0.0,5,3,0.594,0,1,1,0,0.5,0.0,5.0,31.0,8.91,15.0,7.0,10.0,71.91,1
6.5,3.06,4,5,1,6,3.18,75.0,3,2.7897,2,1,0.532,1,5,5,2,0.833,1.0,3.7,30.0,7.98,9.75,17.66,6.12,71.51,1
7.6,1.91,2,3,1,10,3.42,40.44,6,3.9177,1,1,0.551,1,5,5,1,1.0,1.0,3.94,16.18,8.26,15.0,20.0,3.82,63.26,0
4.6,4.49,2,3,1,6,2.18,67.68,0,0.0,4,2,0.513,2,3,3,0,0.75,0.0,4.32,27.07,7.7,11.5,10.5,8.98,65.75,0
3.6,3.51,2,3,1,3,2.93,81.62,1,0.9988,3,3,0.915,0,2,2,0,0.5,0.0,3.88,32.65,13.73,9.0,7.0,7.02,69.4,0
7.1,4.38,3,4,1,2,2.91,74.88,2,1.5844,0,0,0.822,0,6,6,2,1.0,1.0,3.44,29.95,12.33,13.31,20.0,8.76,84.35,1
8.2,3.72,4,5,1,3,0.78,79.29,6,3.3691,0,0,0.667,1,7,7,1,1.0,0.5,3.44,31.72,10.01,12.3,17.0,7.44,78.47,1
4.3,3.87,2,3,1,11,2.78,64.44,4,2.531,4,2,0.615,1,3,3,0,1.0,0.0,3.25,25.78,9.22,10.75,14.0,7.74,67.49,0
3.0,3.79,2,3,1,6,2.84,62.07,4,2.7065,4,3,0.765,1,1,1,0,0.25,0.0,3.81,24.83,11.48,7.5,3.5,7.58,54.89,1
0.5,4.06,2,3,1,5,2.84,72.06,2,1.9861,2,1,0.373,1,7,7,1,1.0,0.5,3.38,28.82,5.6,1.25,17.0,8.12,60.79,1
0.5,5.0,2,3,1,6,4.42,75.93,2,1.4306,5,3,0.674,2,1,1,0,0.25,0.0,3.94,30.37,10.11,1.25,3.5,10.0,55.23,0
3.6,4.28,1,2,1,4,1.78,83.1,4,2.4603,0,0,0.905,0,0,0,0,0.0,0.0,2.79,33.24,13.58,13.5,0.0,8.56,68.88,0
3.3,2.24,2,3,1,10,2.18,76.72,2,1.5697,5,3,0.574,1,3,3,0,0.75,0.0,3.6,30.69,8.61,8.25,10.5,4.48,62.53,1
0.5,3.86,1,2,1,11,0.39,85.22,2,1.4048,0,0,0.345,2,8,8,3,1.0,1.0,4.59,34.09,5.18,1.88,20.0,7.72,68.87,0
4.0,4.41,2,3,1,2,2.52,56.53,4,2.1099,3,2,0.569,2,7,7,2,1.0,1.0,3.34,22.61,8.54,10.0,20.0,8.82,69.97,1
4.0,4.46,1,2,1,9,2.6,56.92,2,1.8609,5,4,0.747,0,3,3,1,1.0,1.0,4.79,22.77,11.2,15.0,20.0,8.92,77.89,1
4.5,3.16,2,3,1,5,2.49,72.14,2,1.0157,3,2,0.595,1,5,5,2,1.0,1.0,3.61,28.86,8.92,11.25,20.0,6.32,75.35,0
0.5,4.43,1,2,1,2,4.11,61.74,2,1.8985,4,3,0.801,0,9,9,1,1.0,1.0,3.46,24.7,12.02,1.88,20.0,8.86,67.46,0
9.1,4.24,3,4,1,11,3.86,83.49,0,0.0,2,1,0.369,2,7,7,1,1.0,1.0,3.58,33.4,5.54,15.0,20.0,8.48,82.42,1
11.9,5.0,4,5,1,2,3.08,51.51,3,1.6137,1,1,0.665,0,7,7,2,1.0,1.0,3.28,20.6,9.98,15.0,20.0,10.0,75.58,0
7.2,2.9,3,4,1,4,2.63,71.1,1,0.8618,1,1,0.778,3,0,0,0,0.0,0.0,2.11,28.44,11.67,13.5,0.0,5.8,59.41,0
4.4,3.09,1,2,1,2,4.03,84.97,1,0.8855,0,0,0.52,1,2,2,0,0.667,0.0,4.12,33.99,7.8,15.0,9.34,6.18,72.31,1
7.1,3.26,2,3,1,6,2.98,87.31,2,1.6023,1,1,0.727,0,1,1,0,0.25,0.0,5.0,34.92,10.9,15.0,3.5,6.52,70.84,0
4.8,3.11,1,2,1,7,2.18,87.04,1,0.7888,1,1,0.765,0,9,9,2,1.0,1.0,3.84,34.82,11.48,15.0,20.0,6.22,87.52,0
5.5,2.79,2,3,1,5,1.28,56.94,5,2.6242,4,2,0.431,2,3,3,1,0.75,0.5,3.88,22.78,6.46,13.75,13.5,5.58,62.07,0
5.5,1.29,2,3,1,2,2.56,67.03,3,1.5892,1,1,0.704,0,4,4,1,1.0,1.0,3.37,26.81,10.56,13.75,20.0,2.58,73.7,1
5.3,3.15,2,3,1,3,3.75,60.55,0,0.0,0,0,0.716,1,5,5,1,1.0,1.0,4.31,24.22,10.74,13.25,20.0,6.3,74.51,1
0.5,3.8,1,2,1,11,5.0,66.89,1,0.5528,4,2,0.613,0,5,5,1,1.0,1.0,3.47,26.76,9.2,1.88,20.0,7.6,65.44,0
5.8,3.11,2,3,1,10,3.06,77.37,4,2.4837,3,3,0.965,0,0,0,0,0.0,0.0,3.69,30.95,14.48,14.5,0.0,6.22,66.15,0
0.6,5.0,2,3,1,11,2.23,88.41,1,0.7494,1,1,0.67,0,9,9,2,1.0,1.0,2.4,35.36,10.05,1.5,20.0,10.0,76.91,1
6.0,3.51,4,5,1,7,1.82,85.36,3,1.7462,4,2,0.624,1,3,3,1,0.5,0.5,3.13,34.14,9.36,9.0,10.0,7.02,69.52,1
5.3,4.53,1,2,1,7,3.55,89.84,0,0.0,1,1,0.561,3,9,9,2,1.0,1.0,3.76,35.94,8.42,15.0,20.0,9.06,88.42,0
4.1,3.71,1,2,1,9,1.24,85.58,2,1.8074,4,2,0.457,2,7,7,2,1.0,1.0,4.14,34.23,6.86,15.0,20.0,7.42,83.51,0
7.7,4.16,2,3,1,8,3.55,75.39,3,2.7632,0,0,0.788,1,6,6,0,1.0,0.0,4.15,30.16,11.82,15.0,14.0,8.32,79.3,0
7.3,3.72,4,5,1,6,3.82,82.32,4,2.0991,3,3,0.835,0,7,7,1,1.0,1.0,2.39,32.93,12.52,10.95,20.0,7.44,83.84,1
0.5,4.6,1,2,1,4,3.44,64.6,0,0.0,3,2,0.611,1,9,9,4,1.0,1.0,2.47,25.84,9.16,1.88,20.0,9.2,66.08,0
5.4,3.54,3,4,1,6,2.78,95.12,2,1.8469,2,1,0.432,1,3,3,0,0.6,0.0,3.91,38.05,6.48,10.12,8.4,7.08,70.13,1
2.3,3.9,1,2,1,2,3.56,76.63,1,0.6816,4,3,0.826,0,3,3,0,1.0,0.0,2.98,30.65,12.39,8.62,14.0,7.8,73.46,0
8.2,3.79,4,5,1,3,3.17,85.53,2,1.6958,2,1,0.639,2,6,6,1,1.0,1.0,4.13,34.21,9.59,12.3,20.0,7.58,83.68,0
4.8,3.27,1,2,1,9,2.22,90.89,1,0.7946,3,3,0.853,0,2,2,0,0.667,0.0,2.36,36.36,12.8,15.0,9.34,6.54,80.04,1
1.1,3.82,1,2,1,10,4.85,88.13,1,0.6736,1,1,0.961,0,8,8,0,1.0,0.0,3.43,35.25,14.42,4.12,14.0,7.64,75.43,0
2.9,5.0,1,2,1,3,2.65,53.34,3,1.9146,3,3,0.856,1,0,0,0,0.0,0.0,3.48,21.34,12.84,10.88,0.0,10.0,55.06,0
1.5,3.28,2,3,1,2,3.78,69.56,4,3.3055,4,3,0.723,0,8,8,3,1.0,1.0,3.84,27.82,10.84,3.75,20.0,6.56,68.97,0
5.1,3.84,2,3,1,2,0.58,74.79,1,0.5668,5,4,0.754,2,3,3,0,1.0,0.0,2.78,29.92,11.31,12.75,14.0,7.68,75.66,1
2.0,4.51,1,2,1,9,4.28,46.65,4,3.7202,2,2,0.834,2,0,0,0,0.0,0.0,2.12,18.66,12.51,7.5,0.0,9.02,47.69,0
0.5,4.41,1,2,1,5,4.47,62.54,3,2.3647,2,2,0.911,0,6,6,1,1.0,0.5,3.62,25.02,13.66,1.88,17.0,8.82,66.38,0
5.4,3.51,3,4,1,5,3.03,83.25,2,1.1115,2,1,0.565,1,2,2,0,0.4,0.0,3.87,33.3,8.48,10.12,5.6,7.02,64.52,0
7.5,1.59,4,5,1,2,3.56,81.55,1,0.8518,5,4,0.746,1,3,3,1,0.6,0.5,4.21,32.62,11.19,11.25,11.4,3.18,69.64,0
7.3,3.91,4,5,1,11,3.56,46.27,4,2.8622,5,2,0.419,3,4,4,1,0.8,0.5,3.25,18.51,6.28,10.95,14.2,7.82,57.76,0
6.4,1.72,1,2,1,6,2.36,66.54,3,1.8061,3,2,0.747,1,5,5,2,1.0,1.0,4.04,26.62,11.2,15.0,20.0,3.44,76.26,0
1.8,4.68,1,2,1,9,3.55,86.01,1,0.9805,4,4,0.953,0,1,1,0,0.5,0.0,3.84,34.4,14.3,6.75,7.0,9.36,71.81,0
5.4,3.64,3,4,1,9,2.19,50.69,5,4.2991,0,0,0.979,0,0,0,0,0.0,0.0,4.43,20.28,14.68,10.12,0.0,7.28,52.36,1
0.5,4.3,1,2,1,3,2.39,68.63,3,2.3895,4,2,0.614,1,4,4,1,1.0,0.5,3.46,27.45,9.21,1.88,17.0,8.6,64.14,0
1.8,2.78,2,3,1,10,4.13,85.87,2,1.8489,4,3,0.774,1,3,3,0,1.0,0.0,2.29,34.35,11.61,4.5,14.0,5.56,70.02,0
3.3,2.26,2,3,1,7,3.97,73.65,2,1.5439,4,2,0.616,2,5,5,2,1.0,1.0,3.45,29.46,9.24,8.25,20.0,4.52,71.47,1
6.3,3.71,4,5,1,8,2.29,73.06,1,0.7207,3,1,0.479,1,7,7,2,1.0,1.0,3.56,29.22,7.18,9.45,20.0,7.42,73.27,0
5.5,3.47,1,2,1,4,2.27,83.01,2,1.1894,5,3,0.6,1,6,6,0,1.0,0.0,3.86,33.2,9.0,15.0,14.0,6.94,78.14,0
3.6,3.11,2,3,1,10,2.35,92.31,0,0.0,3,2,0.589,1,1,1,0,0.25,0.0,2.43,36.92,8.83,9.0,3.5,6.22,64.47,1
5.2,3.57,1,2,1,11,3.73,79.13,1,0.716,5,2,0.428,2,9,9,2,1.0,1.0,3.28,31.65,6.42,15.0,20.0,7.14,80.21,1
4.2,5.0,2,3,1,6,2.0,60.98,4,2.9119,1,1,0.676,0,7,7,3,1.0,1.0,4.11,24.39,10.14,10.5,20.0,10.0,75.03,1
8.1,4.17,4,5,1,2,3.36,64.45,3,2.6,3,3,0.844,0,0,0,0,0.0,0.0,3.43,25.78,12.66,12.15,0.0,8.34,58.93,0
1.8,4.34,1,2,1,10,3.75,53.23,4,2.8842,2,1,0.652,1,7,7,1,1.0,1.0,3.29,21.29,9.78,6.75,20.0,8.68,66.5,0
6.0,4.18,3,4,1,10,2.91,63.09,6,4.7795,5,2,0.352,3,8,8,2,1.0,1.0,4.83,25.24,5.28,11.25,20.0,8.36,70.13,1
8.3,4.68,2,3,1,7,4.01,90.11,0,0.0,5,3,0.678,0,5,5,1,1.0,0.5,2.75,36.04,10.17,15.0,17.0,9.36,87.57,0
0.5,3.35,2,3,1,7,2.7,81.79,0,0.0,5,4,0.813,1,8,8,0,1.0,0.0,4.36,32.72,12.19,1.25,14.0,6.7,66.86,1
0.5,1.86,2,3,1,4,2.79,54.35,2,1.3225,1,1,0.532,0,8,8,1,1.0,0.5,4.21,21.74,7.98,1.25,17.0,3.72,51.69,0
2.6,3.35,2,3,1,2,2.02,87.68,0,0.0,2,1,0.657,3,9,9,3,1.0,1.0,3.34,35.07,9.86,6.5,20.0,6.7,78.13,1
4.0,4.15,2,3,1,11,4.02,86.32,2,1.8061,0,0,0.781,0,9,9,4,1.0,1.0,3.48,34.53,11.72,10.0,20.0,8.3,84.55,1
9.7,2.72,4,5,1,6,2.23,56.5,5,2.67,5,2,0.425,3,1,1,0,0.2,0.0,3.47,22.6,6.38,14.55,2.8,5.44,51.77,0
9.2,3.36,4,5,1,4,3.35,64.08,3,2.0012,1,0,0.338,1,0,0,0,0.0,0.0,3.63,25.63,5.07,13.8,0.0,6.72,51.22,0
3.0,2.95,2,3,1,8,2.93,58.29,2,1.219,3,2,0.745,1,6,6,1,1.0,1.0,3.08,23.32,11.18,7.5,20.0,5.9,67.9,0
8.5,4.7,3,4,1,2,1.95,97.6,0,0.0,2,1,0.596,2,6,6,0,1.0,0.0,3.2,39.04,8.94,15.0,14.0,9.4,86.38,1
6.6,4.1,2,3,1,2,2.39,67.49,0,0.0,5,4,0.829,0,5,5,0,1.0,0.0,3.25,27.0,12.43,15.0,14.0,8.2,76.63,1
2.5,4.02,1,2,1,4,4.38,71.0,3,2.2423,4,3,0.747,0,2,2,0,1.0,0.0,3.27,28.4,11.2,9.38,14.0,8.04,71.02,0
4.4,4.0,1,2,1,6,3.2,71.58,3,2.6453,4,3,0.723,1,9,9,2,1.0,1.0,3.28,28.63,10.84,15.0,20.0,8.0,82.47,1
6.7,3.47,3,4,1,5,1.99,80.33,0,0.0,3,1,0.443,2,4,4,0,0.8,0.0,1.93,32.13,6.64,12.56,11.2,6.94,69.47,1
2.6,3.66,2,3,1,3,3.31,50.01,5,3.4569,0,0,0.414,2,7,7,1,1.0,1.0,3.57,20.0,6.21,6.5,20.0,7.32,60.03,0
9.7,2.55,4,5,1,5,2.85,61.5,4,3.7313,5,4,0.849,0,6,6,2,1.0,1.0,3.13,24.6,12.74,14.55,20.0,5.1,76.99,0
4.3,1.75,2,3,1,5,5.0,81.43,1,0.9861,0,0,0.878,0,8,8,1,1.0,0.5,2.19,32.57,13.17,10.75,17.0,3.5,76.99,0
2.0,3.62,1,2,1,7,3.29,67.98,3,2.6645,2,2,0.846,0,7,7,2,1.0,1.0,3.25,27.19,12.69,7.5,20.0,7.24,74.62,1
5.7,3.76,1,2,1,7,2.62,64.17,3,1.8256,2,2,0.858,1,6,6,0,1.0,0.0,3.23,25.67,12.87,15.0,14.0,7.52,75.06,0
0.5,4.47,2,3,1,10,4.42,83.06,0,0.0,2,2,0.853,0,8,8,3,1.0,1.0,4.39,33.22,12.8,1.25,20.0,8.94,76.21,1
0.5,4.76,1,2,1,10,1.16,92.14,0,0.0,5,3,0.563,3,0,0,0,0.0,0.0,3.12,36.86,8.44,1.88,0.0,9.52,56.7,0
0.5,4.76,1,2,1,4,3.09,82.94,2,1.4228,1,1,0.851,0,7,7,0,1.0,0.0,3.97,33.18,12.76,1.88,14.0,9.52,71.34,0
5.1,2.7,3,4,1,11,4.99,68.55,5,3.0917,3,2,0.657,1,5,5,1,1.0,0.5,4.47,27.42,9.86,9.56,17.0,5.4,69.24,1
3.4,3.22,2,3,1,7,2.88,78.84,2,1.901,1,1,0.664,1,7,7,2,1.0,1.0,3.06,31.54,9.96,8.5,20.0,6.44,76.44,0
0.5,3.88,1,2,1,3,1.27,88.36,1,0.8354,5,3,0.554,2,2,2,0,1.0,0.0,3.47,35.34,8.31,1.88,14.0,7.76,67.29,1
0.5,5.0,1,2,1,5,2.6,54.19,4,2.8335,4,3,0.724,1,5,5,1,1.0,1.0,4.71,21.68,10.86,1.88,20.0,10.0,64.42,1
1.8,4.68,2,3,1,9,4.45,69.27,2,1.2738,2,2,0.781,1,2,2,0,0.5,0.0,3.66,27.71,11.72,4.5,7.0,9.36,60.29,0
10.1,4.4,2,3,1,10,3.38,74.69,0,0.0,0,0,0.846,0,1,1,0,0.333,0.0,3.76,29.88,12.69,15.0,4.66,8.8,71.03,0
6.5,3.19,1,2,1,5,2.16,80.92,1,0.738,0,0,0.729,1,5,5,2,1.0,1.0,3.21,32.37,10.94,15.0,20.0,6.38,84.69,1
3.0,2.79,2,3,1,3,2.31,92.26,2,1.7138,1,1,0.834,0,0,0,0,0.0,0.0,3.98,36.9,12.51,7.5,0.0,5.58,62.49,1
3.1,4.13,2,3,1,3,2.44,65.2,4,2.1787,2,2,0.767,1,0,0,0,0.0,0.0,3.47,26.08,11.5,7.75,0.0,8.26,53.59,0
1.1,2.62,2,3,1,3,3.36,85.63,3,2.7732,5,5,0.958,0,5,5,0,1.0,0.0,2.22,34.25,14.37,2.75,14.0,5.24,70.61,1
0.5,3.31,2,3,1,8,4.34,72.35,1,0.5638,0,0,0.783,0,8,8,3,1.0,1.0,3.25,28.94,11.74,1.25,20.0,6.62,68.55,1
1.7,3.41,1,2,1,7,4.05,76.81,2,1.2625,3,3,0.906,0,7,7,0,1.0,0.0,2.67,30.72,13.59,6.38,14.0,6.82,71.51,0
5.5,4.77,4,5,1,6,3.46,77.04,2,1.9936,2,1,0.418,1,0,0,0,0.0,0.0,3.58,30.82,6.27,8.25,0.0,9.54,54.88,0
1.8,3.22,1,2,1,8,1.67,55.46,2,1.1902,0,0,0.391,3,1,1,0,0.333,0.0,2.86,22.18,5.86,6.75,4.66,6.44,45.89,1
4.0,1.55,4,5,1,10,1.67,65.38,2,1.1011,3,3,0.895,0,4,4,1,0.667,0.5,3.83,26.15,13.42,6.0,12.34,3.1,61.01,1
6.1,3.9,4,5,1,9,3.53,49.15,3,2.4576,4,4,0.902,0,4,4,1,0.667,0.5,3.53,19.66,13.53,9.15,12.34,7.8,62.48,1
8.4,2.94,4,5,1,3,1.65,80.16,2,1.3931,5,3,0.558,2,0,0,0,0.0,0.0,2.63,32.06,8.37,12.6,0.0,5.88,58.91,0
2.9,3.53,1,2,1,7,2.77,84.49,2,1.0918,3,2,0.792,1,2,2,0,0.667,0.0,3.16,33.8,11.88,10.88,9.34,7.06,72.96,1
3.0,3.43,1,2,1,10,3.3,69.26,2,1.0037,1,0,0.253,2,1,1,0,0.5,0.0,3.93,27.7,3.8,11.25,7.0,6.86,56.61,0
0.5,3.28,1,2,1,9,1.86,67.04,3,1.6187,5,2,0.436,2,5,5,1,1.0,1.0,4.3,26.82,6.54,1.88,20.0,6.56,61.8,1
4.1,4.13,1,2,1,5,1.98,86.07,0,0.0,1,0,0.476,3,6,6,0,1.0,0.0,2.87,34.43,7.14,15.0,14.0,8.26,78.83,1
6.0,2.27,4,5,1,5,2.91,79.43,0,0.0,4,3,0.726,0,3,3,1,0.5,0.5,2.73,31.77,10.89,9.0,10.0,4.54,66.2,0
5.6,3.09,2,3,1,10,3.5,84.69,1,0.8888,5,4,0.81,0,5,5,1,1.0,1.0,4.87,33.88,12.15,14.0,20.0,6.18,86.21,1
8.0,4.05,4,5,1,2,4.06,70.44,2,1.8575,0,0,0.59,0,2,2,0,0.4,0.0,3.49,28.18,8.85,12.0,5.6,8.1,62.73,1
0.6,3.01,2,3,1,7,3.61,85.47,3,1.7172,5,4,0.896,0,8,8,0,1.0,0.0,3.56,34.19,13.44,1.5,14.0,6.02,69.15,1
3.2,2.21,2,3,1,3,3.07,79.14,1,0.6685,1,1,0.655,1,0,0,0,0.0,0.0,2.98,31.66,9.83,8.0,0.0,4.42,53.91,0
4.9,4.03,2,3,1,10,2.25,68.92,1,0.5733,2,1,0.663,1,5,5,2,1.0,1.0,3.65,27.57,9.94,12.25,20.0,8.06,77.82,0
7.5,4.4,3,4,1,2,1.93,63.53,0,0.0,1,1,0.854,0,3,3,0,0.6,0.0,4.7,25.41,12.81,14.06,8.4,8.8,69.48,1
1.6,3.46,1,2,1,2,2.49,75.73,3,1.8588,0,0,0.628,1,4,4,1,1.0,1.0,3.68,30.29,9.42,6.0,20.0,6.92,72.63,1
9.8,1.93,3,4,1,5,3.41,70.2,1,0.8934,4,3,0.825,0,5,5,0,1.0,0.0,4.25,28.08,12.38,15.0,14.0,3.86,73.32,0
4.5,4.06,1,2,1,4,3.34,65.28,2,1.3455,2,1,0.663,1,6,6,2,1.0,1.0,3.52,26.11,9.94,15.0,20.0,8.12,79.17,1
7.4,2.17,4,5,1,6,0.9,88.72,1,0.7478,3,1,0.356,0,9,9,3,1.0,1.0,2.78,35.49,5.34,11.1,20.0,4.34,76.27,1
5.9,3.75,2,3,1,4,2.21,81.7,1,0.8369,2,2,0.781,1,5,5,0,1.0,0.0,3.02,32.68,11.72,14.75,14.0,7.5,80.65,1
8.8,2.79,2,3,1,5,4.2,84.92,1,0.9111,4,2,0.4,3,2,2,0,0.667,0.0,2.72,33.97,6.0,15.0,9.34,5.58,69.89,1
6.9,2.57,1,2,1,7,3.08,34.15,5,3.253,5,4,0.864,0,5,5,2,1.0,1.0,3.65,13.66,12.96,15.0,20.0,5.14,66.76,1
0.5,3.15,1,2,1,7,1.58,83.71,0,0.0,3,3,0.847,1,5,5,0,1.0,0.0,4.36,33.48,12.7,1.88,14.0,6.3,68.36,0
3.7,3.35,3,4,1,11,5.0,70.71,3,2.9677,0,0,0.549,1,8,8,1,1.0,1.0,3.61,28.28,8.24,6.94,20.0,6.7,70.16,1
9.7,2.98,3,4,1,6,2.97,81.77,1,0.6601,1,1,0.894,1,5,5,2,1.0,1.0,3.28,32.71,13.41,15.0,20.0,5.96,87.08,1
0.5,3.97,1,2,1,7,3.38,42.67,4,3.3421,2,1,0.441,2,8,8,3,1.0,1.0,2.95,17.07,6.62,1.88,20.0,7.94,53.51,0
2.7,3.14,3,4,1,8,3.4,62.69,0,0.0,0,0,0.459,3,6,6,2,1.0,1.0,3.75,25.08,6.89,5.06,20.0,6.28,63.31,1
6.8,4.28,4,5,1,3,2.63,72.26,3,2.271,1,1,0.642,1,5,5,2,0.833,1.0,2.63,28.9,9.63,10.2,17.66,8.56,74.95,0
5.1,3.72,2,3,1,8,2.27,72.89,1,0.6142,1,0,0.399,1,3,3,0,0.75,0.0,2.71,29.16,5.98,12.75,10.5,7.44,65.83,0
5.7,2.94,3,4,1,10,5.0,72.04,2,1.1415,5,2,0.332,2,2,2,0,0.4,0.0,4.13,28.82,4.98,10.69,5.6,5.88,55.97,0
4.4,2.81,3,4,1,5,4.0,86.86,0,0.0,2,1,0.708,2,0,0,0,0.0,0.0,3.31,34.74,10.62,8.25,0.0,5.62,59.23,0
6.3,2.18,4,5,1,3,3.82,65.82,6,4.5328,5,4,0.712,2,5,5,1,0.833,0.5,3.29,26.33,10.68,9.45,14.66,4.36,65.48,0
4.2,3.73,3,4,1,5,3.58,72.09,1,0.8867,3,3,0.851,0,9,9,3,1.0,1.0,3.38,28.84,12.76,7.88,20.0,7.46,76.94,1
0.5,3.22,1,2,1,4,2.0,57.94,5,4.2746,3,2,0.828,0,0,0,0,0.0,0.0,4.01,23.18,12.42,1.88,0.0,6.44,43.92,0
9.7,1.6,2,3,1,7,4.28,79.39,3,2.8681,5,4,0.824,0,9,9,4,1.0,1.0,3.62,31.76,12.36,15.0,20.0,3.2,82.32,1
6.7,3.07,3,4,1,10,2.16,82.73,1,0.9854,4,3,0.869,0,8,8,1,1.0,1.0,2.98,33.09,13.04,12.56,20.0,6.14,84.83,1
8.2,2.78,3,4,1,7,3.28,79.17,1,0.8639,1,0,0.487,1,4,4,1,1.0,0.5,3.01,31.67,7.3,15.0,17.0,5.56,76.53,1
2.8,4.76,2,3,1,3,1.36,78.93,1,0.5383,1,1,0.762,0,3,3,0,1.0,0.0,3.36,31.57,11.43,7.0,14.0,9.52,73.52,1
1.5,2.14,1,2,1,5,0.96,82.76,4,2.8102,3,2,0.813,2,5,5,0,1.0,0.0,3.71,33.1,12.19,5.62,14.0,4.28,69.19,1
2.2,2.35,2,3,1,8,3.32,76.08,2,1.6088,0,0,0.602,1,8,8,1,1.0,1.0,3.48,30.43,9.03,5.5,20.0,4.7,69.66,1
0.5,4.39,2,3,1,5,2.19,87.34,1,0.7951,0,0,0.74,1,0,0,0,0.0,0.0,3.41,34.94,11.1,1.25,0.0,8.78,56.07,1
0.5,4.59,1,2,1,7,1.01,61.6,1,0.5907,0,0,0.496,1,4,4,0,1.0,0.0,3.53,24.64,7.44,1.88,14.0,9.18,57.14,1
0.5,2.9,2,3,1,8,3.54,50.86,5,3.9574,4,3,0.826,0,0,0,0,0.0,0.0,3.47,20.34,12.39,1.25,0.0,5.8,39.78,1
0.5,2.99,1,2,1,5,5.0,68.38,1,0.6748,2,2,0.947,0,6,6,1,1.0,1.0,2.95,27.35,14.2,1.88,20.0,5.98,69.41,0
1.0,3.99,2,3,1,8,4.39,92.5,0,0.0,0,0,0.664,0,0,0,0,0.0,0.0,4.27,37.0,9.96,2.5,0.0,7.98,57.44,1
7.3,1.64,2,3,1,5,2.74,50.8,3,2.751,4,3,0.857,1,3,3,1,1.0,1.0,3.16,20.32,12.86,15.0,20.0,3.28,71.46,1
5.9,2.01,3,4,1,3,3.01,95.32,0,0.0,3,1,0.419,2,7,7,0,1.0,0.0,3.59,38.13,6.28,11.06,14.0,4.02,73.49,1
5.2,3.28,1,2,1,5,3.89,60.29,5,3.8185,4,3,0.688,2,7,7,1,1.0,0.5,2.06,24.12,10.32,15.0,17.0,6.56,73.0,1
5.0,4.74,2,3,1,6,4.12,71.84,3,2.3443,0,0,0.431,2,2,2,0,0.667,0.0,3.35,28.74,6.46,12.5,9.34,9.48,66.52,0
8.0,3.15,3,4,1,2,2.66,69.03,1,0.7815,5,3,0.561,1,5,5,0,1.0,0.0,2.73,27.61,8.42,15.0,14.0,6.3,71.33,1
5.7,3.58,4,5,1,10,3.03,84.0,1,0.6066,1,1,0.753,2,1,1,0,0.2,0.0,2.81,33.6,11.3,8.55,2.8,7.16,63.41,1
5.3,4.41,2,3,1,7,3.3,81.64,2,1.5995,3,2,0.629,1,5,5,0,1.0,0.0,5.0,32.66,9.44,13.25,14.0,8.82,78.17,0
5.8,5.0,2,3,1,2,3.55,68.41,3,2.0019,3,2,0.584,2,0,0,0,0.0,0.0,3.67,27.36,8.76,14.5,0.0,10.0,60.62,0
4.6,3.04,3,4,1,10,2.87,88.77,0,0.0,1,1,0.987,0,8,8,3,1.0,1.0,4.36,35.51,14.8,8.62,20.0,6.08,85.01,0
9.4,3.49,4,5,1,10,2.88,93.43,0,0.0,2,1,0.609,0,0,0,0,0.0,0.0,4.1,37.37,9.14,14.1,0.0,6.98,67.59,0
5.4,4.96,2,3,1,2,4.38,83.14,2,1.9941,0,0,0.66,0,6,6,2,1.0,1.0,4.19,33.26,9.9,13.5,20.0,9.92,86.58,1
0.6,2.28,1,2,1,3,4.21,72.1,5,4.4301,2,1,0.562,1,4,4,0,1.0,0.0,3.36,28.84,8.43,2.25,14.0,4.56,58.08,1
5.2,4.32,4,5,1,5,3.48,76.73,2,1.4173,4,3,0.697,1,2,2,0,0.4,0.0,4.62,30.69,10.46,7.8,5.6,8.64,63.19,1
5.0,2.69,4,5,1,7,4.72,66.75,0,0.0,1,1,0.629,1,5,5,1,1.0,1.0,4.09,26.7,9.44,7.5,20.0,5.38,69.02,1
2.2,3.58,1,2,1,9,2.61,59.98,4,2.7756,3,2,0.575,1,1,1,0,0.333,0.0,3.53,23.99,8.62,8.25,4.66,7.16,52.68,1
8.8,3.31,4,5,1,6,4.62,50.74,3,2.5818,5,4,0.798,0,5,5,0,0.833,0.0,3.68,20.3,11.97,13.2,11.66,6.62,63.75,0
0.5,2.73,1,2,1,8,3.54,68.88,4,3.3108,1,1,0.832,1,6,6,0,1.0,0.0,3.4,27.55,12.48,1.88,14.0,5.46,61.37,1
4.1,2.71,2,3,1,2,5.0,63.78,2,1.7021,1,1,0.553,2,4,4,1,1.0,1.0,3.54,25.51,8.3,10.25,20.0,5.42,69.48,1
5.4,3.72,2,3,1,8,1.81,86.14,0,0.0,0,0,0.603,1,3,3,1,0.75,1.0,3.47,34.46,9.04,13.5,16.5,7.44,80.94,0
3.5,4.3,1,2,1,11,2.31,86.35,1,0.7281,3,2,0.531,3,4,4,0,1.0,0.0,3.77,34.54,7.97,13.12,14.0,8.6,78.23,1
5.9,3.4,1,2,1,7,3.42,69.18,2,1.6695,1,1,0.542,0,9,9,1,1.0,1.0,4.72,27.67,8.13,15.0,20.0,6.8,77.6,1
7.2,3.56,2,3,1,6,3.4,63.18,2,1.4415,5,4,0.862,0,7,7,2,1.0,1.0,2.66,25.27,12.93,15.0,20.0,7.12,80.32,0
5.5,3.96,4,5,1,4,4.95,64.14,3,2.4571,1,0,0.433,2,0,0,0,0.0,0.0,4.3,25.66,6.5,8.25,0.0,7.92,48.33,1
6.2,2.72,1,2,1,11,2.33,97.92,0,0.0,3,1,0.324,3,2,2,0,1.0,0.0,3.24,39.17,4.86,15.0,14.0,5.44,78.47,1
6.7,4.09,4,5,1,2,3.9,57.12,5,4.4417,1,1,0.843,1,0,0,0,0.0,0.0,4.39,22.85,12.64,10.05,0.0,8.18,53.72,1
6.6,4.16,2,3,1,4,4.16,86.34,1,0.5026,1,0,0.186,2,2,2,0,0.667,0.0,3.27,34.54,2.79,15.0,9.34,8.32,69.99,0
4.2,5.0,2,3,1,3,3.7,65.88,1,0.6079,1,1,0.637,0,7,7,3,1.0,1.0,3.79,26.35,9.56,10.5,20.0,10.0,76.41,0
1.0,3.2,1,2,1,10,2.04,88.51,1,0.6482,3,3,0.935,1,8,8,2,1.0,1.0,3.39,35.4,14.02,3.75,20.0,6.4,79.57,1
0.5,3.13,2,3,1,6,4.41,48.95,4,3.8908,0,0,0.651,0,4,4,0,1.0,0.0,2.29,19.58,9.76,1.25,14.0,6.26,50.85,0
7.6,4.12,4,5,1,11,4.23,68.82,1,0.7535,0,0,0.593,2,6,6,2,1.0,1.0,4.72,27.53,8.9,11.4,20.0,8.24,76.07,0
4.1,4.16,4,5,1,8,3.6,83.9,3,2.0465,3,3,0.862,0,3,3,0,0.5,0.0,2.84,33.56,12.93,6.15,7.0,8.32,67.96,1
4.4,3.07,1,2,1,7,3.2,62.48,6,4.2129,3,1,0.25,2,4,4,0,1.0,0.0,3.56,24.99,3.75,15.0,14.0,6.14,63.88,1
11.8,3.18,4,5,1,7,3.23,72.13,0,0.0,1,0,0.489,3,8,8,1,1.0,0.5,2.76,28.85,7.34,15.0,17.0,6.36,74.55,0
0.5,3.93,1,2,1,4,2.92,47.44,3,2.8017,2,1,0.717,2,2,2,0,1.0,0.0,2.56,18.98,10.76,1.88,14.0,7.86,53.48,0
8.8,2.84,4,5,1,7,3.64,46.24,4,3.9247,2,2,0.753,2,3,3,1,0.6,1.0,3.36,18.5,11.3,13.2,14.4,5.68,63.08,0
0.5,3.17,1,2,1,8,3.03,80.28,1,0.9221,4,2,0.493,1,1,1,0,0.5,0.0,3.08,32.11,7.4,1.88,7.0,6.34,54.73,0
6.4,3.57,4,5,1,11,2.15,80.3,2,1.8417,2,1,0.747,1,2,2,0,0.4,0.0,2.68,32.12,11.2,9.6,5.6,7.14,65.66,1
5.9,4.3,2,3,1,7,1.95,79.01,0,0.0,5,5,0.952,0,0,0,0,0.0,0.0,3.48,31.6,14.28,14.75,0.0,8.6,69.23,0
1.9,3.02,1,2,1,11,2.25,79.06,0,0.0,1,1,0.627,1,8,8,0,1.0,0.0,2.46,31.62,9.4,7.12,14.0,6.04,68.18,0
6.3,2.03,1,2,1,11,3.22,86.97,4,3.1921,1,1,0.933,0,8,8,0,1.0,0.0,3.59,34.79,14.0,15.0,14.0,4.06,81.85,1
2.8,1.97,2,3,1,7,2.97,79.52,2,1.6561,2,2,0.829,1,4,4,0,1.0,0.0,3.41,31.81,12.43,7.0,14.0,3.94,69.18,0
6.5,2.49,2,3,1,6,3.22,78.61,1,0.6014,0,0,0.567,2,5,5,0,1.0,0.0,1.76,31.44,8.5,15.0,14.0,4.98,73.92,0
4.2,2.45,2,3,1,3,3.5,57.14,3,2.6194,4,3,0.872,0,2,2,0,0.667,0.0,3.13,22.86,13.08,10.5,9.34,4.9,60.68,1
4.0,3.38,1,2,1,4,2.37,75.1,4,2.3999,2,1,0.698,0,0,0,0,0.0,0.0,3.83,30.04,10.47,15.0,0.0,6.76,62.27,1
4.9,2.55,3,4,1,10,4.47,48.98,4,2.526,2,1,0.57,2,5,5,1,1.0,1.0,2.76,19.59,8.55,9.19,20.0,5.1,62.43,0
7.9,2.94,4,5,1,3,2.73,56.6,5,3.267,3,2,0.671,0,1,1,0,0.167,0.0,3.86,22.64,10.07,11.85,2.34,5.88,52.78,1
5.7,2.88,3,4,1,5,2.57,52.91,5,4.615,0,0,0.365,3,8,8,3,1.0,1.0,3.8,21.16,5.48,10.69,20.0,5.76,63.09,1
0.5,3.15,1,2,1,8,3.48,42.55,5,4.3302,2,1,0.463,0,2,2,0,0.667,0.0,2.79,17.02,6.94,1.88,9.34,6.3,41.48,0
5.7,4.56,2,3,1,4,1.16,72.92,3,2.296,5,1,0.253,3,7,7,0,1.0,0.0,3.49,29.17,3.8,14.25,14.0,9.12,70.34,1
3.6,4.03,1,2,1,11,2.21,77.92,2,1.8197,3,2,0.663,0,2,2,0,0.667,0.0,4.08,31.17,9.94,13.5,9.34,8.06,72.01,0
5.5,3.51,2,3,1,8,3.98,42.84,4,3.6259,3,2,0.667,1,1,1,0,0.25,0.0,2.89,17.14,10.01,13.75,3.5,7.02,51.42,1
7.8,3.13,2,3,1,2,1.26,64.08,2,1.3898,3,1,0.43,1,5,5,1,1.0,1.0,3.36,25.63,6.45,15.0,20.0,6.26,73.34,1
5.6,3.15,1,2,1,4,4.12,70.1,0,0.0,2,1,0.463,3,1,1,0,0.333,0.0,4.31,28.04,6.94,15.0,4.66,6.3,60.94,0
3.1,3.76,2,3,1,9,4.51,52.62,2,1.2062,5,4,0.762,1,3,3,1,1.0,0.5,2.9,21.05,11.43,7.75,17.0,7.52,64.75,1
2.9,3.97,1,2,1,10,2.63,84.8,1,0.7516,5,5,0.942,0,2,2,0,0.667,0.0,3.82,33.92,14.13,10.88,9.34,7.94,76.21,1
6.4,2.77,4,5,1,11,3.29,90.71,1,0.5591,2,1,0.586,1,8,8,0,1.0,0.0,2.74,36.28,8.79,9.6,14.0,5.54,74.21,1
2.1,3.53,1,2,1,10,4.12,67.9,3,2.1402,5,4,0.838,0,5,5,0,1.0,0.0,3.39,27.16,12.57,7.88,14.0,7.06,68.67,1
0.5,1.87,1,2,1,2,2.53,72.73,2,1.5204,0,0,0.449,3,7,7,1,1.0,1.0,3.81,29.09,6.74,1.88,20.0,3.74,61.45,1
12.1,3.67,4,5,1,9,3.87,72.24,1,0.54,1,1,0.571,3,5,5,2,1.0,1.0,1.82,28.9,8.56,15.0,20.0,7.34,79.8,0
8.9,4.11,4,5,1,3,2.33,59.11,1,0.7313,1,1,0.906,0,9,9,3,1.0,1.0,3.13,23.64,13.59,13.35,20.0,8.22,78.8,1
3.5,3.28,2,3,1,2,2.52,60.81,4,3.3033,4,3,0.707,2,4,4,1,1.0,0.5,3.8,24.32,10.6,8.75,17.0,6.56,67.23,1
7.0,4.95,2,3,1,8,2.2,33.29,5,4.0352,3,1,0.496,0,8,8,2,1.0,1.0,3.66,13.32,7.44,15.0,20.0,9.9,65.66,1
0.5,2.8,1,2,1,6,3.34,86.56,2,1.0544,2,1,0.323,1,8,8,2,1.0,1.0,3.13,34.62,4.84,1.88,20.0,5.6,66.94,1
3.0,3.67,4,5,1,8,4.16,79.27,1,0.5477,1,0,0.464,1,9,9,0,1.0,0.0,2.73,31.71,6.96,4.5,14.0,7.34,64.51,1
4.0,3.47,1,2,1,10,2.82,94.67,0,0.0,3,0,0.118,3,6,6,0,1.0,0.0,3.94,37.87,1.77,15.0,14.0,6.94,75.58,0
8.2,3.42,4,5,1,2,1.73,62.19,5,4.6067,1,1,0.673,2,9,9,0,1.0,0.0,3.27,24.88,10.1,12.3,14.0,6.84,68.12,0
6.6,3.41,3,4,1,7,1.92,61.02,2,1.8698,2,1,0.479,2,7,7,0,1.0,0.0,3.88,24.41,7.18,12.38,14.0,6.82,64.79,0
2.7,3.59,3,4,1,10,3.39,78.12,0,0.0,2,2,0.784,0,3,3,0,0.6,0.0,3.77,31.25,11.76,5.06,8.4,7.18,63.65,1
1.9,4.18,1,2,1,6,4.84,52.84,4,3.4378,5,5,0.981,0,1,1,0,0.5,0.0,3.19,21.14,14.72,7.12,7.0,8.36,58.34,0
13.0,4.6,4,5,1,7,3.39,86.06,1,0.7887,4,3,0.793,0,2,2,0,0.333,0.0,4.25,34.42,11.9,15.0,4.66,9.2,75.18,1
4.1,3.5,1,2,1,6,2.61,76.4,4,3.9668,1,1,0.715,1,5,5,0,1.0,0.0,3.08,30.56,10.72,15.0,14.0,7.0,77.28,1
2.4,4.15,1,2,1,11,3.77,59.13,5,2.7366,5,4,0.794,1,1,1,0,0.5,0.0,4.33,23.65,11.91,9.0,7.0,8.3,59.86,0
2.9,2.94,2,3,1,2,2.76,60.43,4,3.0958,3,2,0.824,0,2,2,0,0.5,0.0,4.42,24.17,12.36,7.25,7.0,5.88,56.66,0
1.0,4.11,1,2,1,10,2.62,63.08,0,0.0,2,2,0.837,0,6,6,0,1.0,0.0,4.24,25.23,12.56,3.75,14.0,8.22,63.76,1
2.7,2.89,4,5,1,10,2.04,63.12,3,1.9615,3,2,0.681,0,3,3,0,0.6,0.0,3.37,25.25,10.22,4.05,8.4,5.78,53.7,0
6.6,4.37,3,4,1,10,4.41,44.94,3,1.5704,1,0,0.479,1,6,6,0,1.0,0.0,5.0,17.98,7.18,12.38,14.0,8.74,60.28,0
6.1,5.0,2,3,1,6,0.46,97.35,0,0.0,0,0,0.719,1,9,9,4,1.0,1.0,3.61,38.94,10.78,15.0,20.0,10.0,94.72,1
4.1,3.4,4,5,1,7,3.8,56.8,6,4.3609,2,1,0.695,1,0,0,0,0.0,0.0,3.67,22.72,10.42,6.15,0.0,6.8,46.09,1
0.5,1.75,1,2,1,5,2.54,75.07,2,1.6925,4,3,0.66,2,6,6,0,1.0,0.0,3.48,30.03,9.9,1.88,14.0,3.5,59.31,1
1.1,3.06,2,3,1,4,2.59,62.41,1,0.8501,2,1,0.608,2,8,8,1,1.0,0.5,2.71,24.96,9.12,2.75,17.0,6.12,59.95,1
1.6,4.49,2,3,1,10,4.69,46.57,4,2.3619,2,1,0.649,1,1,1,0,0.25,0.0,4.41,18.63,9.74,4.0,3.5,8.98,44.85,0
2.1,3.94,1,2,1,7,2.29,34.72,5,4.6449,5,4,0.797,1,7,7,1,1.0,0.5,3.1,13.89,11.96,7.88,17.0,7.88,58.61,0
0.5,3.7,1,2,1,9,2.32,88.72,0,0.0,5,4,0.888,0,5,5,1,1.0,0.5,4.14,35.49,13.32,1.88,17.0,7.4,75.09,0
3.5,4.31,1,2,1,3,2.87,71.04,2,1.9644,2,2,0.884,1,6,6,2,1.0,1.0,4.31,28.42,13.26,13.12,20.0,8.62,83.42,1
3.9,3.89,1,2,1,9,3.41,56.82,4,2.2363,0,0,0.903,0,0,0,0,0.0,0.0,3.92,22.73,13.54,14.62,0.0,7.78,58.67,0
1.4,4.47,1,2,1,8,2.56,81.85,0,0.0,4,3,0.837,1,4,4,1,1.0,0.5,3.02,32.74,12.56,5.25,17.0,8.94,76.49,1
0.5,4.24,3,4,1,11,1.43,87.39,1,0.9542,4,3,0.628,0,3,3,0,0.75,0.0,3.26,34.96,9.42,0.94,10.5,8.48,64.3,1
5.5,4.72,4,5,1,3,2.13,56.9,4,3.6454,5,3,0.673,1,1,1,0,0.167,0.0,1.63,22.76,10.1,8.25,2.34,9.44,52.89,0
5.1,3.79,1,2,1,7,4.28,65.52,4,3.6177,5,3,0.682,1,7,7,1,1.0,0.5,3.42,26.21,10.23,15.0,17.0,7.58,76.02,1
0.5,4.22,3,4,1,7,3.07,81.71,1,0.6807,3,3,0.893,0,5,5,1,1.0,1.0,4.06,32.68,13.4,0.94,20.0,8.44,75.46,1
3.1,3.25,2,3,1,7,3.45,77.25,4,3.4267,0,0,0.794,1,8,8,0,1.0,0.0,3.33,30.9,11.91,7.75,14.0,6.5,71.06,0
0.5,3.02,1,2,1,2,2.74,77.47,4,3.1587,1,1,0.936,0,1,1,0,0.333,0.0,3.09,30.99,14.04,1.88,4.66,6.04,57.61,0
6.0,4.87,2,3,1,6,2.34,88.81,1,0.7122,4,3,0.831,0,7,7,1,1.0,1.0,3.29,35.52,12.46,15.0,20.0,9.74,92.72,1
0.5,3.67,1,2,1,4,4.68,41.99,6,5.9793,3,3,0.846,1,6,6,1,1.0,1.0,4.35,16.8,12.69,1.88,20.0,7.34,58.71,1
3.0,4.14,1,2,1,8,2.81,54.3,5,3.2261,2,1,0.276,3,6,6,0,1.0,0.0,3.46,21.72,4.14,11.25,14.0,8.28,59.39,0
7.4,3.6,3,4,1,4,2.56,23.69,7,4.946,2,2,0.894,0,3,3,0,0.6,0.0,4.8,9.48,13.41,13.88,8.4,7.2,52.37,1
6.6,3.03,1,2,1,6,4.1,93.31,1,0.9514,4,3,0.71,0,6,6,2,1.0,1.0,3.1,37.32,10.65,15.0,20.0,6.06,89.03,1
3.5,3.51,2,3,1,8,2.28,86.23,1,0.6445,2,2,0.87,0,2,2,0,0.667,0.0,3.65,34.49,13.05,8.75,9.34,7.02,72.65,1
2.9,4.65,1,2,1,2,2.41,71.05,2,1.1527,0,0,0.502,3,7,7,0,1.0,0.0,3.2,28.42,7.53,10.88,14.0,9.3,70.13,1
0.5,3.94,1,2,1,9,3.01,70.44,2,1.31,5,2,0.326,3,4,4,0,1.0,0.0,4.95,28.18,4.89,1.88,14.0,7.88,56.83,0
11.0,2.13,4,5,1,9,3.0,80.34,2,1.7593,2,1,0.655,2,4,4,1,0.667,0.5,3.63,32.14,9.83,15.0,12.34,4.26,73.57,1
2.1,3.33,2,3,1,2,3.26,91.55,2,1.8599,1,0,0.488,2,5,5,1,1.0,1.0,4.99,36.62,7.32,5.25,20.0,6.66,75.85,0
0.6,4.93,1,2,1,2,5.0,75.49,1,0.5572,0,0,0.834,1,0,0,0,0.0,0.0,3.21,30.2,12.51,2.25,0.0,9.86,54.82,0
5.9,3.33,3,4,1,10,3.34,67.42,5,4.0543,2,1,0.683,0,3,3,0,0.6,0.0,4.57,26.97,10.24,11.06,8.4,6.66,63.33,0
4.1,2.06,4,5,1,4,0.62,69.26,0,0.0,5,3,0.609,1,2,2,0,0.4,0.0,3.58,27.7,9.14,6.15,5.6,4.12,52.71,0
4.6,5.0,2,3,1,10,3.33,78.13,3,2.5032,0,0,0.417,1,9,9,2,1.0,1.0,4.09,31.25,6.26,11.5,20.0,10.0,79.01,1
6.4,4.05,2,3,1,6,3.04,57.93,5,4.1776,1,1,0.721,1,4,4,0,1.0,0.0,2.65,23.17,10.82,15.0,14.0,8.1,71.09,1
2.7,3.44,1,2,1,5,3.04,51.08,4,3.9189,1,1,0.56,1,0,0,0,0.0,0.0,3.74,20.43,8.4,10.12,0.0,6.88,45.83,0
0.5,3.2,2,3,1,4,3.25,80.94,0,0.0,0,0,0.627,2,0,0,0,0.0,0.0,2.75,32.38,9.4,1.25,0.0,6.4,49.43,1
1.7,4.37,1,2,1,8,2.97,79.19,3,1.9497,3,2,0.605,2,9,9,0,1.0,0.0,3.68,31.68,9.07,6.38,14.0,8.74,69.87,1
3.9,3.07,1,2,1,3,2.95,39.99,3,2.3718,1,0,0.449,3,1,1,0,0.5,0.0,2.44,16.0,6.74,14.62,7.0,6.14,50.5,0
0.5,4.42,2,3,1,6,3.61,82.95,1,0.7147,4,3,0.733,1,0,0,0,0.0,0.0,3.43,33.18,11.0,1.25,0.0,8.84,54.27,1
5.3,3.93,4,5,1,5,2.46,63.25,3,2.2106,2,2,0.952,0,2,2,0,0.333,0.0,4.27,25.3,14.28,7.95,4.66,7.86,60.05,1
8.2,3.7,3,4,1,3,2.05,77.01,3,1.6039,3,3,0.857,1,2,2,0,0.4,0.0,3.88,30.8,12.86,15.0,5.6,7.4,71.66,1
2.7,3.62,1,2,1,5,5.0,48.17,5,2.8706,0,0,0.952,0,0,0,0,0.0,0.0,2.64,19.27,14.28,10.12,0.0,7.24,50.91,1
7.0,3.36,3,4,1,7,2.28,42.84,4,3.8707,1,1,0.861,0,9,9,1,1.0,1.0,2.17,17.14,12.92,13.12,20.0,6.72,69.9,1
6.6,4.34,1,2,1,8,3.1,71.65,2,1.0683,2,2,0.949,1,0,0,0,0.0,0.0,3.85,28.66,14.24,15.0,0.0,8.68,66.58,0
3.2,2.81,1,2,1,2,1.5,51.37,3,2.3852,0,0,0.578,1,7,7,0,1.0,0.0,4.61,20.55,8.67,12.0,14.0,5.62,60.84,1
5.6,2.2,2,3,1,10,3.12,39.78,3,2.6319,2,1,0.674,1,8,8,2,1.0,1.0,2.83,15.91,10.11,14.0,20.0,4.4,64.42,1
14.8,3.99,4,5,1,10,2.07,60.54,2,1.0119,2,2,0.788,2,6,6,1,1.0,0.5,4.97,24.22,11.82,15.0,17.0,7.98,76.02,1
3.5,4.0,2,3,1,8,2.56,76.44,4,2.4455,2,1,0.701,0,1,1,0,0.333,0.0,3.5,30.58,10.51,8.75,4.66,8.0,62.5,1
2.0,3.88,2,3,1,11,4.05,38.03,5,3.4427,3,2,0.768,0,7,7,1,1.0,0.5,2.13,15.21,11.52,5.0,17.0,7.76,56.49,0
7.1,3.83,3,4,1,6,3.47,91.48,1,0.7534,4,3,0.744,1,3,3,0,0.75,0.0,2.41,36.59,11.16,13.31,10.5,7.66,79.22,0
3.1,3.24,1,2,1,10,3.57,85.09,1,0.6708,4,3,0.685,1,4,4,1,1.0,1.0,4.04,34.04,10.28,11.62,20.0,6.48,82.42,0
6.7,4.13,4,5,1,9,1.23,57.46,3,2.4735,0,0,0.555,3,2,2,0,0.4,0.0,3.59,22.98,8.33,10.05,5.6,8.26,55.22,0
3.4,3.46,3,4,1,7,4.84,76.25,3,1.8396,3,2,0.705,1,7,7,0,1.0,0.0,4.54,30.5,10.58,6.38,14.0,6.92,68.38,0
7.8,3.11,1,2,1,3,1.81,61.18,4,2.051,5,4,0.793,0,5,5,1,1.0,0.5,2.66,24.47,11.9,15.0,17.0,6.22,74.59,1
6.8,3.25,3,4,1,7,4.53,68.13,4,2.0031,5,4,0.869,0,1,1,0,0.2,0.0,3.58,27.25,13.04,12.75,2.8,6.5,62.34,0
6.2,5.0,4,5,1,11,4.02,58.17,3,2.0183,1,1,0.716,0,4,4,0,0.8,0.0,3.5,23.27,10.74,9.3,11.2,10.0,64.51,0
6.3,2.11,2,3,1,11,3.58,68.94,2,1.3617,4,3,0.746,2,7,7,2,1.0,1.0,3.4,27.58,11.19,15.0,20.0,4.22,77.99,1
1.7,3.9,1,2,1,6,2.15,84.4,0,0.0,4,4,0.877,0,9,9,1,1.0,0.5,3.23,33.76,13.16,6.38,17.0,7.8,78.1,0
1.4,2.16,1,2,1,4,3.15,76.08,3,1.5672,2,1,0.276,2,9,9,2,1.0,1.0,3.25,30.43,4.14,5.25,20.0,4.32,64.14,1
5.4,3.41,2,3,1,9,2.53,56.23,3,2.2951,5,4,0.882,0,1,1,0,0.333,0.0,3.62,22.49,13.23,13.5,4.66,6.82,60.7,0
0.8,3.15,2,3,1,2,3.03,67.34,3,2.3667,3,3,0.863,0,8,8,1,1.0,1.0,3.71,26.94,12.94,2.0,20.0,6.3,68.18,1
6.9,1.83,3,4,1,3,2.75,94.48,0,0.0,4,2,0.515,1,5,5,1,1.0,0.5,3.68,37.79,7.72,12.94,17.0,3.66,79.11,1
6.8,3.81,1,2,1,7,0.96,46.56,5,4.0968,4,3,0.706,1,7,7,1,1.0,0.5,4.34,18.62,10.59,15.0,17.0,7.62,68.83,1
5.2,3.2,2,3,1,11,4.12,78.61,2,1.0081,4,3,0.705,0,3,3,0,1.0,0.0,2.66,31.44,10.58,13.0,14.0,6.4,75.42,0
3.1,1.82,2,3,1,5,2.92,52.68,4,3.2637,5,5,0.91,1,6,6,2,1.0,1.0,2.23,21.07,13.65,7.75,20.0,3.64,66.11,0
2.7,4.17,2,3,1,6,2.52,77.86,4,2.6448,5,4,0.883,1,2,2,0,0.667,0.0,4.21,31.14,13.24,6.75,9.34,8.34,68.81,0
7.0,4.65,4,5,1,5,2.44,56.28,2,1.7729,2,2,0.771,0,5,5,2,0.833,1.0,2.84,22.51,11.56,10.5,17.66,9.3,71.53,1
1.4,4.69,1,2,1,6,3.36,62.32,3,1.7825,3,2,0.519,2,2,2,0,0.667,0.0,3.23,24.93,7.78,5.25,9.34,9.38,56.68,0
1.1,3.79,1,2,1,2,2.11,62.65,1,0.8581,3,2,0.785,0,3,3,0,1.0,0.0,3.07,25.06,11.78,4.12,14.0,7.58,62.54,1
8.3,3.54,3,4,1,7,0.74,42.56,3,2.4382,5,2,0.416,3,4,4,1,0.8,0.5,3.06,17.02,6.24,15.0,14.2,7.08,59.54,0
3.7,4.56,4,5,1,7,3.41,96.1,0,0.0,2,2,0.815,0,8,8,0,1.0,0.0,2.48,38.44,12.22,5.55,14.0,9.12,79.33,1
4.2,4.85,1,2,1,5,3.52,70.17,2,1.1759,1,1,0.578,2,6,6,2,1.0,1.0,3.1,28.07,8.67,15.0,20.0,9.7,81.44,0
1.1,4.41,1,2,1,4,2.8,96.74,1,0.8346,4,3,0.709,1,6,6,1,1.0,1.0,3.95,38.7,10.64,4.12,20.0,8.82,82.28,1
8.9,2.75,4,5,1,9,1.85,78.61,1,0.8685,5,3,0.69,0,2,2,0,0.333,0.0,3.5,31.44,10.35,13.35,4.66,5.5,65.3,1
0.5,3.66,1,2,1,3,3.09,65.52,2,1.4894,5,4,0.869,1,4,4,1,1.0,0.5,3.85,26.21,13.04,1.88,17.0,7.32,65.45,0
5.3,3.85,1,2,1,2,1.54,75.28,2,1.3404,0,0,0.476,1,4,4,1,1.0,0.5,3.15,30.11,7.14,15.0,17.0,7.7,76.95,1
9.1,2.05,3,4,1,2,1.97,55.97,2,1.1666,5,3,0.557,2,7,7,3,1.0,1.0,4.13,22.39,8.36,15.0,20.0,4.1,69.85,0
4.4,3.88,1,2,1,10,2.25,62.43,5,3.2249,4,3,0.679,1,1,1,0,0.333,0.0,3.14,24.97,10.18,15.0,4.66,7.76,62.57,1
0.5,5.0,1,2,1,5,3.84,94.59,1,0.8819,0,0,0.958,0,0,0,0,0.0,0.0,2.02,37.84,14.37,1.88,0.0,10.0,64.09,0
8.1,4.01,3,4,1,3,2.64,79.22,2,1.4094,0,0,0.7,1,5,5,1,1.0,1.0,3.72,31.69,10.5,15.0,20.0,8.02,85.21,0
5.0,4.68,2,3,1,10,2.55,77.01,3,2.5541,1,1,0.749,0,8,8,2,1.0,1.0,4.04,30.8,11.24,12.5,20.0,9.36,83.9,0
0.5,3.65,2,3,1,3,4.95,52.84,5,4.3502,5,4,0.707,2,7,7,2,1.0,1.0,3.11,21.14,10.6,1.25,20.0,7.3,60.29,1
5.9,3.44,3,4,1,5,3.35,79.44,1,0.8371,4,3,0.764,0,8,8,0,1.0,0.0,4.34,31.78,11.46,11.06,14.0,6.88,75.18,1
4.9,3.81,2,3,1,2,3.34,80.59,0,0.0,3,2,0.5,2,3,3,0,0.75,0.0,2.9,32.24,7.5,12.25,10.5,7.62,70.11,0
7.4,2.85,3,4,1,8,2.63,59.28,3,2.4162,3,1,0.321,2,2,2,0,0.4,0.0,3.97,23.71,4.82,13.88,5.6,5.7,53.71,1
2.4,2.73,1,2,1,8,2.4,86.69,3,2.2776,2,1,0.56,1,6,6,2,1.0,1.0,4.72,34.68,8.4,9.0,20.0,5.46,77.54,0
4.7,4.51,2,3,1,9,0.81,75.95,4,2.3956,5,3,0.648,0,0,0,0,0.0,0.0,3.53,30.38,9.72,11.75,0.0,9.02,60.87,0
11.7,4.6,4,5,1,4,3.97,80.22,2,1.8428,0,0,0.668,1,8,8,0,1.0,0.0,3.34,32.09,10.02,15.0,14.0,9.2,80.31,1
7.1,2.71,2,3,1,5,3.45,84.07,0,0.0,1,0,0.496,1,7,7,0,1.0,0.0,3.43,33.63,7.44,15.0,14.0,5.42,75.49,0
0.5,4.27,1,2,1,11,2.82,82.31,0,0.0,1,1,0.781,1,5,5,2,1.0,1.0,4.64,32.92,11.72,1.88,20.0,8.54,75.06,1
1.2,3.43,1,2,1,10,2.86,79.72,3,2.8999,5,4,0.828,1,1,1,0,0.333,0.0,3.78,31.89,12.42,4.5,4.66,6.86,60.33,0
7.6,3.77,4,5,1,2,3.74,94.17,0,0.0,3,2,0.701,0,2,2,0,0.4,0.0,5.0,37.67,10.51,11.4,5.6,7.54,72.72,0
0.5,3.87,1,2,1,8,1.45,91.3,1,0.7431,4,2,0.526,1,9,9,1,1.0,0.5,3.7,36.52,7.89,1.88,17.0,7.74,71.03,1
6.2,4.3,3,4,1,10,2.41,77.93,1,0.8622,5,4,0.781,1,0,0,0,0.0,0.0,3.04,31.17,11.72,11.62,0.0,8.6,63.11,0
7.1,3.57,2,3,1,7,1.86,67.74,2,1.6438,1,1,0.932,0,0,0,0,0.0,0.0,3.09,27.1,13.98,15.0,0.0,7.14,63.22,0
0.5,4.63,1,2,1,8,4.77,88.85,1,0.6186,5,3,0.696,1,3,3,0,1.0,0.0,3.54,35.54,10.44,1.88,14.0,9.26,71.12,0
4.8,3.75,2,3,1,2,3.88,58.67,6,3.1413,0,0,0.634,1,2,2,0,0.667,0.0,2.07,23.47,9.51,12.0,9.34,7.5,61.82,1
0.5,4.0,1,2,1,2,0.8,79.01,3,2.18,4,4,0.929,0,6,6,0,1.0,0.0,3.17,31.6,13.94,1.88,14.0,8.0,69.42,0
2.3,2.83,2,3,1,2,1.49,73.36,2,1.7872,4,4,0.916,0,0,0,0,0.0,0.0,3.18,29.34,13.74,5.75,0.0,5.66,54.49,0
5.7,5.0,1,2,1,3,2.87,81.59,1,0.6626,4,2,0.56,2,7,7,2,1.0,1.0,3.67,32.64,8.4,15.0,20.0,10.0,86.04,1
2.6,3.88,2,3,1,11,2.53,83.34,3,2.6767,0,0,0.74,1,7,7,2,1.0,1.0,4.86,33.34,11.1,6.5,20.0,7.76,78.7,0
3.2,4.07,1,2,1,8,1.68,40.3,5,4.137,5,2,0.381,2,2,2,0,0.667,0.0,3.54,16.12,5.72,12.0,9.34,8.14,51.32,1
0.5,2.21,1,2,1,9,4.94,46.22,4,3.3911,4,4,0.9,1,5,5,0,1.0,0.0,2.15,18.49,13.5,1.88,14.0,4.42,52.29,0
12.7,2.84,4,5,1,4,3.31,73.31,3,1.9286,0,0,0.876,0,6,6,0,1.0,0.0,2.86,29.32,13.14,15.0,14.0,5.68,77.14,0
5.5,4.49,2,3,1,11,3.47,55.87,3,2.2051,3,2,0.613,2,8,8,3,1.0,1.0,3.68,22.35,9.2,13.75,20.0,8.98,74.28,0
1.5,3.73,1,2,1,3,2.31,92.11,0,0.0,4,3,0.848,1,7,7,1,1.0,1.0,3.57,36.84,12.72,5.62,20.0,7.46,82.64,1
9.4,1.97,4,5,1,11,3.72,85.9,2,1.2466,2,2,0.826,0,9,9,2,1.0,1.0,4.64,34.36,12.39,14.1,20.0,3.94,84.79,1
0.5,4.33,1,2,1,2,2.62,39.32,5,2.7246,2,2,0.866,1,1,1,0,0.5,0.0,4.17,15.73,12.99,1.88,7.0,8.66,46.26,0
11.0,3.06,4,5,1,2,2.72,76.71,1,0.5634,1,1,0.824,1,6,6,2,1.0,1.0,4.15,30.68,12.36,15.0,20.0,6.12,84.16,1
7.2,4.63,4,5,1,2,3.61,41.69,5,3.0263,3,1,0.365,2,7,7,2,1.0,1.0,3.35,16.68,5.48,10.8,20.0,9.26,62.22,1
1.5,3.43,1,2,1,9,1.37,94.72,2,1.5802,5,4,0.847,1,2,2,0,0.667,0.0,4.27,37.89,12.7,5.62,9.34,6.86,72.41,0
0.8,3.66,1,2,1,4,4.6,61.51,4,2.8824,3,2,0.685,0,2,2,0,0.667,0.0,2.87,24.6,10.28,3.0,9.34,7.32,54.54,0
2.5,4.44,2,3,1,6,3.18,83.62,2,1.2669,4,2,0.612,2,0,0,0,0.0,0.0,4.18,33.45,9.18,6.25,0.0,8.88,57.76,0
5.7,2.78,2,3,1,6,4.28,91.7,0,0.0,4,2,0.523,1,9,9,3,1.0,1.0,3.3,36.68,7.85,14.25,20.0,5.56,84.34,1
2.6,2.71,1,2,1,9,1.92,76.22,4,3.0503,4,4,0.879,0,8,8,3,1.0,1.0,2.49,30.49,13.18,9.75,20.0,5.42,78.84,0
5.6,3.34,2,3,1,5,2.08,86.79,2,1.9231,2,1,0.744,1,1,1,0,0.25,0.0,3.92,34.72,11.16,14.0,3.5,6.68,70.06,1
4.0,4.16,2,3,1,2,1.84,96.65,0,0.0,4,4,0.898,0,2,2,0,0.5,0.0,4.48,38.66,13.47,10.0,7.0,8.32,77.45,1
7.3,2.44,3,4,1,5,3.25,89.92,0,0.0,1,0,0.458,0,4,4,1,1.0,0.5,3.22,35.97,6.87,13.69,17.0,4.88,78.41,0
1.0,2.17,1,2,1,4,3.07,88.87,1,0.9567,3,1,0.352,2,8,8,1,1.0,1.0,4.59,35.55,5.28,3.75,20.0,4.34,68.92,1
9.6,4.16,2,3,1,9,2.54,86.05,2,1.8575,1,1,0.713,0,8,8,2,1.0,1.0,2.34,34.42,10.7,15.0,20.0,8.32,88.44,1
0.5,3.02,1,2,1,9,1.99,67.25,4,3.2705,5,3,0.668,0,8,8,2,1.0,1.0,2.66,26.9,10.02,1.88,20.0,6.04,64.84,1
5.2,3.19,1,2,1,2,1.73,89.43,3,2.3022,4,4,0.92,0,8,8,0,1.0,0.0,3.4,35.77,13.8,15.0,14.0,6.38,84.95,1
7.4,2.01,2,3,1,9,2.95,89.78,1,0.7265,3,2,0.761,0,6,6,1,1.0,0.5,3.24,35.91,11.42,15.0,17.0,4.02,83.35,1
0.5,2.96,1,2,1,2,2.53,85.66,1,0.7411,2,1,0.544,0,2,2,0,1.0,0.0,3.03,34.26,8.16,1.88,14.0,5.92,64.22,1
9.6,3.49,2,3,1,8,2.31,69.71,2,1.7692,3,2,0.779,0,6,6,0,1.0,0.0,3.59,27.88,11.68,15.0,14.0,6.98,75.54,1
6.5,4.24,2,3,1,5,4.55,71.77,3,2.2697,4,3,0.77,0,4,4,1,1.0,1.0,3.13,28.71,11.55,15.0,20.0,8.48,83.74,1
10.4,2.88,4,5,1,5,2.92,82.46,1,0.588,1,0,0.489,2,9,9,0,1.0,0.0,3.25,32.98,7.34,15.0,14.0,5.76,75.08,1
4.1,4.83,2,3,1,6,4.27,61.29,2,1.0582,4,3,0.746,0,4,4,1,1.0,0.5,3.69,24.52,11.19,10.25,17.0,9.66,72.62,0
1.5,2.95,1,2,1,5,2.47,54.94,4,2.2524,1,0,0.35,3,7,7,1,1.0,1.0,3.03,21.98,5.25,5.62,20.0,5.9,58.75,0
1.5,2.95,1,2,1,9,3.24,90.98,0,0.0,0,0,0.866,0,1,1,0,0.5,0.0,3.43,36.39,12.99,5.62,7.0,5.9,67.9,1
3.0,4.73,1,2,1,11,2.94,85.03,2,1.3677,4,2,0.597,0,6,6,2,1.0,1.0,3.05,34.01,8.96,11.25,20.0,9.46,83.68,1
5.5,3.67,1,2,1,10,1.3,28.85,7,6.6235,4,2,0.596,1,4,4,1,1.0,1.0,2.66,11.54,8.94,15.0,20.0,7.34,62.82,1
2.5,3.06,1,2,1,6,4.43,91.01,0,0.0,2,1,0.565,0,4,4,1,1.0,1.0,4.03,36.4,8.48,9.38,20.0,6.12,80.38,1
0.5,3.38,1,2,1,7,2.86,72.26,1,0.6598,3,2,0.649,1,7,7,0,1.0,0.0,4.7,28.9,9.74,1.88,14.0,6.76,61.28,1
10.1,4.58,4,5,1,6,3.75,86.15,2,1.223,4,3,0.706,2,4,4,0,0.8,0.0,4.25,34.46,10.59,15.0,11.2,9.16,80.41,0
6.3,4.67,2,3,1,9,2.25,68.2,3,2.3186,4,3,0.639,1,0,0,0,0.0,0.0,3.73,27.28,9.59,15.0,0.0,9.34,61.21,1
3.6,2.85,1,2,1,7,2.84,78.85,1,0.8085,5,4,0.885,0,3,3,1,1.0,1.0,3.05,31.54,13.28,13.5,20.0,5.7,84.02,1
5.9,3.47,2,3,1,6,2.13,78.2,2,1.5321,5,1,0.126,3,9,9,3,1.0,1.0,3.3,31.28,1.89,14.75,20.0,6.94,74.86,1
3.3,3.57,2,3,1,6,4.24,70.88,1,0.9759,2,1,0.651,1,9,9,3,1.0,1.0,4.24,28.35,9.76,8.25,20.0,7.14,73.5,0
1.7,2.71,2,3,1,5,3.31,79.87,2,1.9954,1,1,0.946,0,6,6,0,1.0,0.0,1.9,31.95,14.19,4.25,14.0,5.42,69.81,0
1.8,3.46,2,3,1,7,3.37,55.88,7,6.4309,0,0,0.457,1,6,6,0,1.0,0.0,3.25,22.35,6.86,4.5,14.0,6.92,54.63,0
0.5,3.5,2,3,1,8,4.36,59.75,4,3.6106,3,2,0.788,1,2,2,0,0.667,0.0,4.01,23.9,11.82,1.25,9.34,7.0,53.31,0
2.6,4.41,1,2,1,6,4.16,78.04,1,0.683,3,2,0.828,2,7,7,1,1.0,1.0,2.7,31.22,12.42,9.75,20.0,8.82,82.21,0
1.8,4.47,1,2,1,10,3.77,64.64,3,2.3697,4,1,0.161,1,5,5,1,1.0,0.5,3.8,25.86,2.42,6.75,17.0,8.94,60.97,1
0.9,3.24,1,2,1,10,1.58,79.68,1,0.6757,0,0,0.742,1,0,0,0,0.0,0.0,3.76,31.87,11.13,3.38,0.0,6.48,52.86,0
0.5,3.33,2,3,1,6,2.3,92.87,0,0.0,4,2,0.522,2,9,9,4,1.0,1.0,2.48,37.15,7.83,1.25,20.0,6.66,72.89,0
0.9,4.03,2,3,1,11,2.0,48.71,5,2.9296,4,3,0.757,0,8,8,3,1.0,1.0,3.56,19.48,11.36,2.25,20.0,8.06,61.15,1
4.8,3.03,1,2,1,3,3.73,86.5,0,0.0,4,4,0.879,1,0,0,0,0.0,0.0,3.07,34.6,13.18,15.0,0.0,6.06,68.84,1
0.5,3.97,1,2,1,11,3.17,74.0,1,0.5193,3,3,0.834,0,4,4,1,1.0,0.5,3.79,29.6,12.51,1.88,17.0,7.94,68.93,0
4.9,3.43,2,3,1,4,1.61,78.63,3,2.4134,0,0,0.487,2,7,7,1,1.0,0.5,3.97,31.45,7.3,12.25,17.0,6.86,74.86,1
0.5,2.72,1,2,1,7,2.81,90.91,0,0.0,2,2,0.768,0,7,7,1,1.0,0.5,3.78,36.36,11.52,1.88,17.0,5.44,72.2,0
5.6,2.73,1,2,1,4,1.51,74.89,3,1.505,3,2,0.588,1,1,1,0,0.333,0.0,3.55,29.96,8.82,15.0,4.66,5.46,63.9,0
3.6,4.66,2,3,1,6,2.95,87.75,3,2.2662,3,2,0.682,1,0,0,0,0.0,0.0,3.7,35.1,10.23,9.0,0.0,9.32,63.65,1
6.7,3.37,3,4,1,5,1.34,89.57,1,0.6884,3,3,0.909,1,9,9,1,1.0,0.5,2.68,35.83,13.64,12.56,17.0,6.74,85.77,0
7.8,4.81,1,2,1,9,3.53,71.83,2,1.7924,3,3,0.945,0,8,8,2,1.0,1.0,3.48,28.73,14.18,15.0,20.0,9.62,87.53,1
9.8,3.09,3,4,1,2,3.38,75.73,3,1.5583,3,3,0.851,1,7,7,3,1.0,1.0,2.94,30.29,12.76,15.0,20.0,6.18,84.23,0
3.2,3.73,2,3,1,10,4.91,56.04,2,1.0486,1,1,0.571,0,6,6,0,1.0,0.0,4.22,22.42,8.56,8.0,14.0,7.46,60.44,0
0.5,5.0,1,2,1,11,3.85,53.9,3,2.4303,3,2,0.698,1,6,6,2,1.0,1.0,3.98,21.56,10.47,1.88,20.0,10.0,63.91,0
1.2,2.65,1,2,1,7,2.58,62.62,3,2.3875,1,1,0.74,0,4,4,1,1.0,1.0,3.98,25.05,11.1,4.5,20.0,5.3,65.95,1
3.3,1.98,1,2,1,7,3.82,78.97,3,2.7466,2,1,0.566,1,6,6,1,1.0,0.5,4.7,31.59,8.49,12.38,17.0,3.96,73.42,1
7.7,4.53,4,5,1,8,1.6,50.61,5,3.9807,2,2,0.765,0,3,3,1,0.5,0.5,3.27,20.24,11.48,11.55,10.0,9.06,62.33,1
7.0,2.84,4,5,1,3,2.04,81.98,3,2.9241,4,3,0.848,0,0,0,0,0.0,0.0,3.12,32.79,12.72,10.5,0.0,5.68,61.69,1
5.7,3.48,1,2,1,9,3.33,90.47,1,0.6572,5,4,0.779,0,3,3,1,1.0,0.5,3.25,36.19,11.68,15.0,17.0,6.96,86.83,1
7.7,3.03,4,5,1,4,0.84,70.36,2,1.3979,3,3,0.836,1,2,2,0,0.4,0.0,2.38,28.14,12.54,11.55,5.6,6.06,63.89,0
13.7,3.71,4,5,1,8,2.96,59.7,5,4.9442,0,0,0.388,3,3,3,1,0.5,0.5,2.43,23.88,5.82,15.0,10.0,7.42,62.12,1
2.2,2.74,1,2,1,5,1.98,80.58,3,1.6613,4,2,0.545,2,4,4,1,1.0,1.0,3.93,32.23,8.18,8.25,20.0,5.48,74.14,1
8.5,3.36,2,3,1,9,3.1,74.94,2,1.7959,1,1,0.707,1,1,1,0,0.333,0.0,2.52,29.98,10.6,15.0,4.66,6.72,66.96,0
6.9,3.86,3,4,1,9,1.92,84.07,4,2.0231,0,0,0.831,0,4,4,1,0.8,0.5,2.75,33.63,12.46,12.94,14.2,7.72,80.95,0
4.4,2.69,1,2,1,4,3.42,88.14,2,1.4865,1,1,0.778,2,4,4,1,1.0,0.5,3.43,35.26,11.67,15.0,17.0,5.38,84.31,1
0.5,2.94,1,2,1,8,3.02,87.46,1,0.5767,5,4,0.725,1,1,1,0,0.5,0.0,3.21,34.98,10.88,1.88,7.0,5.88,60.62,0
0.5,3.22,1,2,1,6,4.4,67.86,1,0.7994,2,2,0.885,1,4,4,1,1.0,0.5,4.12,27.14,13.28,1.88,17.0,6.44,65.74,1
3.1,2.36,1,2,1,4,3.01,62.03,2,1.7982,1,0,0.448,1,6,6,2,1.0,1.0,3.54,24.81,6.72,11.62,20.0,4.72,67.87,0
6.5,3.16,2,3,1,7,2.23,67.68,4,2.0661,0,0,0.69,1,4,4,0,1.0,0.0,2.94,27.07,10.35,15.0,14.0,6.32,72.74,0
2.1,3.6,1,2,1,11,2.75,50.83,2,1.1638,3,2,0.792,3,0,0,0,0.0,0.0,4.18,20.33,11.88,7.88,0.0,7.2,47.29,0
0.8,3.18,2,3,1,2,1.66,85.44,1,0.6713,4,2,0.61,0,7,7,1,1.0,1.0,4.01,34.18,9.15,2.0,20.0,6.36,71.69,1
0.5,3.28,1,2,1,11,3.41,50.02,4,2.5116,2,1,0.719,0,5,5,1,1.0,1.0,2.51,20.01,10.78,1.88,20.0,6.56,59.23,0
0.5,3.48,1,2,1,10,3.59,81.87,3,2.0748,0,0,0.884,1,4,4,1,1.0,0.5,3.68,32.75,13.26,1.88,17.0,6.96,71.85,1
3.6,2.98,4,5,1,7,5.0,77.27,3,2.9278,2,1,0.49,2,0,0,0,0.0,0.0,3.0,30.91,7.35,5.4,0.0,5.96,49.62,0
4.3,4.05,2,3,1,8,2.38,63.51,4,2.2024,3,2,0.632,1,0,0,0,0.0,0.0,2.98,25.4,9.48,10.75,0.0,8.1,53.73,1
4.8,4.65,1,2,1,5,2.73,96.27,0,0.0,0,0,0.194,3,0,0,0,0.0,0.0,4.81,38.51,2.91,15.0,0.0,9.3,65.72,0
8.0,3.13,4,5,1,3,2.42,84.47,0,0.0,1,1,0.602,1,8,8,1,1.0,1.0,3.59,33.79,9.03,12.0,20.0,6.26,81.08,1
2.3,3.89,4,5,1,7,3.21,78.85,2,1.2803,0,0,0.314,1,3,3,0,0.6,0.0,3.35,31.54,4.71,3.45,8.4,7.78,55.88,1
1.5,3.31,1,2,1,10,3.38,81.18,0,0.0,2,1,0.485,2,4,4,0,1.0,0.0,3.56,32.47,7.28,5.62,14.0,6.62,65.99,0
1.6,3.79,1,2,1,4,2.95,71.69,2,1.7148,1,1,0.601,0,6,6,0,1.0,0.0,4.11,28.68,9.02,6.0,14.0,7.58,65.28,1
13.2,4.75,4,5,1,9,4.09,72.53,5,4.0446,1,1,0.803,1,6,6,1,1.0,0.5,3.01,29.01,12.04,15.0,17.0,9.5,82.55,1
0.5,3.91,1,2,1,9,2.38,39.99,5,4.5321,0,0,0.27,2,0,0,0,0.0,0.0,3.13,16.0,4.05,1.88,0.0,7.82,29.75,0
1.0,2.08,1,2,1,9,3.99,84.08,2,1.4051,4,1,0.188,2,9,9,3,1.0,1.0,3.96,33.63,2.82,3.75,20.0,4.16,64.36,0
8.3,3.86,2,3,1,5,3.54,54.01,4,3.2134,2,2,0.935,0,2,2,0,0.5,0.0,2.44,21.6,14.02,15.0,7.0,7.72,65.34,0
5.1,4.49,2,3,1,5,2.99,90.25,2,1.8936,5,4,0.876,1,7,7,0,1.0,0.0,4.19,36.1,13.14,12.75,14.0,8.98,84.97,1
7.4,3.32,3,4,1,6,2.69,67.99,2,1.8513,2,1,0.43,1,8,8,1,1.0,1.0,2.38,27.2,6.45,13.88,20.0,6.64,74.17,0
2.3,4.3,1,2,1,10,5.0,66.99,3,2.88,1,1,0.673,2,5,5,2,1.0,1.0,3.33,26.8,10.1,8.62,20.0,8.6,74.12,1
6.8,2.95,3,4,1,11,2.18,80.4,1,0.6345,1,1,0.965,0,1,1,0,0.2,0.0,2.38,32.16,14.48,12.75,2.8,5.9,68.09,0
5.9,2.31,2,3,1,6,3.3,73.65,2,1.9854,5,3,0.568,1,5,5,1,1.0,1.0,2.76,29.46,8.52,14.75,20.0,4.62,77.35,1
4.0,3.61,3,4,1,11,2.25,71.24,2,1.8164,3,1,0.391,2,2,2,0,0.4,0.0,4.41,28.5,5.86,7.5,5.6,7.22,54.68,1
4.2,2.09,1,2,1,7,4.79,54.47,4,3.5896,1,1,0.788,1,8,8,3,1.0,1.0,4.23,21.79,11.82,15.0,20.0,4.18,72.79,0
0.5,3.31,1,2,1,5,3.89,67.5,4,3.3352,3,1,0.291,3,7,7,1,1.0,0.5,4.31,27.0,4.36,1.88,17.0,6.62,56.86,1
4.8,4.53,2,3,1,2,2.32,72.81,0,0.0,3,2,0.706,1,8,8,1,1.0,1.0,2.49,29.12,10.59,12.0,20.0,9.06,80.77,0
6.4,1.97,3,4,1,8,3.51,72.49,2,1.4416,0,0,0.896,0,8,8,2,1.0,1.0,2.76,29.0,13.44,12.0,20.0,3.94,78.38,1
2.5,2.48,2,3,1,8,3.26,84.24,0,0.0,4,3,0.658,1,1,1,0,0.25,0.0,3.74,33.7,9.87,6.25,3.5,4.96,58.28,1
7.9,2.67,4,5,1,11,2.48,61.19,2,1.6988,0,0,0.66,1,0,0,0,0.0,0.0,4.0,24.48,9.9,11.85,0.0,5.34,51.57,0
4.4,3.45,3,4,1,9,3.76,66.44,0,0.0,1,1,0.827,0,6,6,0,1.0,0.0,2.94,26.58,12.4,8.25,14.0,6.9,68.13,1
5.3,3.21,4,5,1,2,3.39,39.47,6,5.2544,4,2,0.485,1,6,6,0,1.0,0.0,3.09,15.79,7.28,7.95,14.0,6.42,51.44,1
1.1,4.62,1,2,1,7,3.22,60.29,6,3.5723,2,2,0.926,0,8,8,0,1.0,0.0,2.71,24.12,13.89,4.12,14.0,9.24,65.37,0
1.2,4.26,2,3,1,9,2.96,40.44,1,0.6745,1,1,0.58,1,6,6,1,1.0,1.0,4.66,16.18,8.7,3.0,20.0,8.52,56.4,0
8.8,3.9,4,5,1,6,3.43,67.57,3,2.0884,0,0,0.607,3,8,8,3,1.0,1.0,3.17,27.03,9.1,13.2,20.0,7.8,77.13,1
1.1,3.62,2,3,1,6,3.23,91.49,1,0.874,3,2,0.513,2,3,3,0,0.75,0.0,3.52,36.6,7.7,2.75,10.5,7.24,64.79,0
9.8,3.81,4,5,1,10,3.06,88.59,2,1.7162,4,2,0.564,1,1,1,0,0.167,0.0,3.56,35.44,8.46,14.7,2.34,7.62,68.56,1
3.0,2.81,3,4,1,8,2.36,88.35,2,1.8334,1,1,0.549,2,0,0,0,0.0,0.0,4.27,35.34,8.24,5.62,0.0,5.62,54.82,1
0.6,4.19,1,2,1,8,4.69,67.66,3,2.6828,2,1,0.386,0,4,4,0,1.0,0.0,2.83,27.06,5.79,2.25,14.0,8.38,57.48,0
2.4,2.61,2,3,1,6,1.95,73.29,0,0.0,2,2,0.912,0,0,0,0,0.0,0.0,4.32,29.32,13.68,6.0,0.0,5.22,54.22,1
7.3,4.17,2,3,1,4,3.43,91.17,1,0.57,5,4,0.876,0,5,5,0,1.0,0.0,2.6,36.47,13.14,15.0,14.0,8.34,86.95,0
8.8,4.45,4,5,1,7,2.68,68.49,5,4.0886,4,3,0.811,0,4,4,0,0.8,0.0,4.32,27.4,12.16,13.2,11.2,8.9,72.86,1
3.5,3.67,2,3,1,11,4.76,76.15,1,0.9435,1,1,0.744,1,2,2,0,0.667,0.0,2.3,30.46,11.16,8.75,9.34,7.34,67.05,1
7.2,3.36,3,4,1,8,2.1,62.16,3,2.4648,3,3,0.892,0,5,5,1,1.0,0.5,3.43,24.86,13.38,13.5,17.0,6.72,75.46,1
2.7,3.82,4,5,1,9,2.26,82.82,1,0.9478,5,2,0.5,3,6,6,1,1.0,0.5,4.64,33.13,7.5,4.05,17.0,7.64,69.32,1
7.9,1.21,4,5,1,3,2.03,61.74,3,2.9986,2,2,0.759,1,0,0,0,0.0,0.0,3.99,24.7,11.38,11.85,0.0,2.42,50.35,1
7.0,3.74,1,2,1,11,3.32,84.49,2,1.3592,0,0,0.456,3,4,4,0,1.0,0.0,3.79,33.8,6.84,15.0,14.0,7.48,77.12,1
4.3,3.41,2,3,1,4,1.63,66.64,2,1.7233,1,1,0.844,0,9,9,3,1.0,1.0,2.77,26.66,12.66,10.75,20.0,6.82,76.89,0
8.2,3.46,4,5,1,11,2.52,89.04,2,1.54,3,2,0.568,2,2,2,0,0.4,0.0,2.99,35.62,8.52,12.3,5.6,6.92,68.96,1
7.4,4.07,3,4,1,6,0.85,55.82,5,3.6374,5,4,0.752,0,7,7,1,1.0,0.5,4.44,22.33,11.28,13.88,17.0,8.14,72.63,1
6.2,3.44,2,3,1,11,3.24,46.47,7,4.3395,1,1,0.813,0,3,3,0,0.75,0.0,3.83,18.59,12.19,15.0,10.5,6.88,63.16,1
0.5,2.59,1,2,1,10,2.5,68.46,4,2.4918,0,0,0.766,1,2,2,0,1.0,0.0,4.12,27.38,11.49,1.88,14.0,5.18,59.93,1
0.5,3.39,1,2,1,9,1.51,84.75,2,1.185,1,0,0.179,3,8,8,3,1.0,1.0,3.55,33.9,2.68,1.88,20.0,6.78,65.24,1
6.5,3.55,3,4,1,11,4.09,61.66,3,2.4472,2,1,0.361,3,3,3,0,0.6,0.0,3.3,24.66,5.42,12.19,8.4,7.1,57.77,0
6.2,3.59,4,5,1,8,1.69,74.72,2,1.1421,0,0,0.926,0,8,8,3,1.0,1.0,4.04,29.89,13.89,9.3,20.0,7.18,80.26,1
5.3,3.63,1,2,1,10,3.8,58.92,5,3.5785,0,0,0.731,0,6,6,2,1.0,1.0,3.68,23.57,10.96,15.0,20.0,7.26,76.79,1
5.2,4.33,3,4,1,3,2.3,83.35,1,0.7617,3,1,0.401,1,8,8,2,1.0,1.0,3.38,33.34,6.02,9.75,20.0,8.66,77.77,1
0.5,2.63,2,3,1,2,4.6,88.59,0,0.0,4,3,0.779,0,8,8,2,1.0,1.0,2.51,35.44,11.68,1.25,20.0,5.26,73.63,1
2.8,3.64,3,4,1,7,3.75,71.46,2,1.8549,1,1,0.555,1,9,9,2,1.0,1.0,4.17,28.58,8.33,5.25,20.0,7.28,69.44,0
0.5,4.53,1,2,1,10,1.99,49.58,5,3.6079,3,1,0.347,1,5,5,0,1.0,0.0,3.81,19.83,5.2,1.88,14.0,9.06,49.97,0
1.4,2.11,1,2,1,9,2.08,72.39,3,1.6242,3,2,0.644,1,9,9,4,1.0,1.0,3.08,28.96,9.66,5.25,20.0,4.22,68.09,0
3.5,3.64,2,3,1,7,3.61,86.23,0,0.0,4,4,0.876,1,0,0,0,0.0,0.0,4.33,34.49,13.14,8.75,0.0,7.28,63.66,0
0.9,3.03,1,2,1,7,2.74,57.83,4,3.69,5,2,0.471,2,4,4,1,1.0,1.0,3.67,23.13,7.06,3.38,20.0,6.06,59.63,1
6.7,3.2,2,3,1,8,2.83,81.9,1,0.83,5,4,0.818,0,3,3,0,0.75,0.0,3.68,32.76,12.27,15.0,10.5,6.4,76.93,1
7.0,2.78,2,3,1,10,4.27,87.12,2,1.7563,1,1,0.872,0,0,0,0,0.0,0.0,4.12,34.85,13.08,15.0,0.0,5.56,68.49,1
1.6,3.36,1,2,1,10,2.25,26.75,6,3.3846,5,2,0.486,1,8,8,1,1.0,0.5,3.97,10.7,7.29,6.0,17.0,6.72,47.71,0
0.5,4.97,2,3,1,3,3.09,71.79,4,3.5318,0,0,0.619,3,8,8,0,1.0,0.0,3.71,28.72,9.28,1.25,14.0,9.94,63.19,0
9.5,2.49,4,5,1,7,3.95,63.29,5,3.0194,5,3,0.573,1,7,7,0,1.0,0.0,3.37,25.32,8.59,14.25,14.0,4.98,67.14,0
7.4,2.56,3,4,1,5,3.81,87.95,0,0.0,0,0,0.782,0,6,6,2,1.0,1.0,4.89,35.18,11.73,13.88,20.0,5.12,85.91,0
2.8,2.46,1,2,1,9,2.84,76.45,2,1.178,0,0,0.754,1,6,6,0,1.0,0.0,2.99,30.58,11.31,10.5,14.0,4.92,71.31,1
10.5,4.88,4,5,1,7,2.71,71.64,1,0.8769,0,0,0.325,2,3,3,1,0.5,0.5,4.02,28.66,4.88,15.0,10.0,9.76,68.3,0
3.1,3.13,3,4,1,11,1.26,84.22,2,1.2459,0,0,0.793,0,6,6,1,1.0,1.0,3.44,33.69,11.9,5.81,20.0,6.26,77.66,0
13.0,3.48,4,5,1,6,1.94,85.87,1,0.6266,2,1,0.441,1,9,9,2,1.0,1.0,3.82,34.35,6.62,15.0,20.0,6.96,82.93,1
1.6,3.18,2,3,1,8,3.32,91.03,0,0.0,3,1,0.344,1,2,2,0,0.5,0.0,4.36,36.41,5.16,4.0,7.0,6.36,58.93,0
7.9,2.74,3,4,1,3,2.86,76.46,1,0.8603,4,2,0.596,1,3,3,0,0.75,0.0,3.28,30.58,8.94,14.81,10.5,5.48,70.31,0
0.5,3.31,1,2,1,11,3.07,58.5,3,1.9438,0,0,0.689,1,1,1,0,0.333,0.0,3.92,23.4,10.34,1.88,4.66,6.62,46.9,0
3.7,5.0,3,4,1,3,4.04,87.49,2,1.5183,1,1,0.845,0,9,9,1,1.0,0.5,3.69,35.0,12.68,6.94,17.0,10.0,81.62,1
7.8,4.61,2,3,1,5,1.81,71.08,3,1.9984,0,0,0.593,1,5,5,1,1.0,0.5,3.05,28.43,8.9,15.0,17.0,9.22,78.55,0
3.3,2.82,2,3,1,10,2.76,85.28,0,0.0,0,0,0.72,1,5,5,1,1.0,0.5,4.38,34.11,10.8,8.25,17.0,5.64,75.8,1
6.1,4.02,2,3,1,11,3.19,63.37,2,1.2265,4,3,0.824,1,2,2,0,0.667,0.0,4.0,25.35,12.36,15.0,9.34,8.04,70.09,0
8.6,2.83,4,5,1,6,2.3,62.93,3,2.9113,3,2,0.519,1,0,0,0,0.0,0.0,3.2,25.17,7.78,12.9,0.0,5.66,51.51,0
7.7,2.08,4,5,1,6,4.43,59.45,4,2.6427,1,1,0.618,0,8,8,1,1.0,0.5,4.27,23.78,9.27,11.55,17.0,4.16,65.76,0
7.4,4.32,2,3,1,2,3.91,79.32,0,0.0,1,0,0.342,3,8,8,0,1.0,0.0,2.92,31.73,5.13,15.0,14.0,8.64,74.5,1
3.4,4.43,2,3,1,11,3.29,72.31,2,1.2403,5,3,0.615,0,3,3,1,0.75,1.0,3.48,28.92,9.22,8.5,16.5,8.86,72.0,0
0.5,4.34,1,2,1,2,4.79,81.03,3,1.6109,3,3,0.923,1,7,7,0,1.0,0.0,3.2,32.41,13.84,1.88,14.0,8.68,70.81,1
2.0,3.12,2,3,1,2,1.5,83.34,1,0.7344,1,1,0.853,1,5,5,0,1.0,0.0,4.03,33.34,12.8,5.0,14.0,6.24,71.38,0
7.4,3.37,3,4,1,6,2.99,66.38,4,2.5005,5,2,0.446,1,6,6,1,1.0,0.5,3.16,26.55,6.69,13.88,17.0,6.74,70.86,1
7.0,4.1,3,4,1,2,3.37,64.77,3,2.8291,1,1,0.91,1,1,1,0,0.2,0.0,4.03,25.91,13.65,13.12,2.8,8.2,63.68,0
2.1,3.81,3,4,1,3,2.09,72.8,2,1.5171,1,0,0.468,3,6,6,2,1.0,1.0,3.92,29.12,7.02,3.94,20.0,7.62,67.7,1
0.5,3.19,1,2,1,8,3.3,84.13,1,0.6167,4,2,0.541,2,1,1,0,0.333,0.0,3.24,33.65,8.12,1.88,4.66,6.38,54.69,1
2.5,2.2,2,3,1,9,1.89,93.12,0,0.0,3,2,0.731,1,2,2,0,0.667,0.0,4.78,37.25,10.96,6.25,9.34,4.4,68.2,1
1.1,3.59,1,2,1,4,3.69,54.38,3,1.794,0,0,0.528,1,3,3,0,1.0,0.0,2.98,21.75,7.92,4.12,14.0,7.18,54.97,1
4.6,4.36,4,5,1,9,4.06,95.98,2,1.1787,4,3,0.677,1,2,2,0,0.4,0.0,2.51,38.39,10.16,6.9,5.6,8.72,69.77,1
4.4,2.54,3,4,1,8,3.27,84.47,2,1.3007,1,0,0.494,1,9,9,0,1.0,0.0,4.1,33.79,7.41,8.25,14.0,5.08,68.53,1
6.2,4.01,4,5,1,4,1.15,59.47,4,2.2166,4,2,0.555,2,0,0,0,0.0,0.0,2.0,23.79,8.33,9.3,0.0,8.02,49.44,0
9.9,3.77,4,5,1,9,2.03,67.15,1,0.5943,2,1,0.688,0,9,9,1,1.0,1.0,4.54,26.86,10.32,14.85,20.0,7.54,79.57,1
4.0,4.1,1,2,1,7,3.56,57.42,1,0.969,4,3,0.816,1,1,1,0,0.5,0.0,3.57,22.97,12.24,15.0,7.0,8.2,65.41,0
7.6,4.2,4,5,1,10,3.02,71.28,1,0.8334,5,3,0.516,3,8,8,2,1.0,1.0,2.5,28.51,7.74,11.4,20.0,8.4,76.05,1
7.0,2.94,4,5,1,3,0.31,88.9,2,1.9211,4,3,0.715,2,3,3,1,0.5,0.5,2.84,35.56,10.72,10.5,10.0,5.88,72.66,1
8.3,2.21,4,5,1,4,4.24,89.72,2,1.2568,5,4,0.833,0,9,9,2,1.0,1.0,2.36,35.89,12.5,12.45,20.0,4.42,85.26,0
6.0,3.07,4,5,1,5,3.14,45.46,4,3.714,3,2,0.813,0,5,5,0,1.0,0.0,3.77,18.18,12.19,9.0,14.0,6.14,59.51,0
5.1,4.21,4,5,1,5,2.18,48.87,2,1.3623,0,0,0.707,1,4,4,1,0.667,0.5,2.57,19.55,10.6,7.65,12.34,8.42,58.56,1
1.6,3.07,2,3,1,10,3.99,63.83,1,0.5721,3,2,0.567,1,1,1,0,0.333,0.0,3.85,25.53,8.5,4.0,4.66,6.14,48.83,0
2.4,2.94,2,3,1,9,2.32,66.76,3,2.7071,2,2,0.926,0,4,4,1,1.0,1.0,3.29,26.7,13.89,6.0,20.0,5.88,72.47,0
0.5,2.04,1,2,1,7,2.31,82.6,0,0.0,4,2,0.476,1,5,5,1,1.0,0.5,3.17,33.04,7.14,1.88,17.0,4.08,63.14,1
6.4,4.9,3,4,1,7,3.36,40.66,5,3.5121,1,1,0.759,0,9,9,4,1.0,1.0,3.86,16.26,11.38,12.0,20.0,9.8,69.44,1
9.8,4.16,4,5,1,10,4.78,78.06,4,3.6386,4,3,0.696,1,2,2,0,0.333,0.0,3.94,31.22,10.44,14.7,4.66,8.32,69.34,0
0.5,4.12,2,3,1,6,4.62,94.09,1,0.8086,2,1,0.46,0,0,0,0,0.0,0.0,4.3,37.64,6.9,1.25,0.0,8.24,54.03,0
6.1,4.27,3,4,1,4,3.36,97.58,0,0.0,4,2,0.531,1,2,2,0,0.5,0.0,3.06,39.03,7.97,11.44,7.0,8.54,73.98,1
7.5,3.96,4,5,1,3,3.46,83.55,1,0.6768,2,1,0.284,1,2,2,0,0.333,0.0,3.48,33.42,4.26,11.25,4.66,7.92,61.51,0
8.9,3.3,4,5,1,5,3.79,49.51,4,2.1501,2,2,0.904,0,9,9,0,1.0,0.0,3.06,19.8,13.56,13.35,14.0,6.6,67.31,1
8.0,3.37,4,5,1,8,1.74,65.85,1,0.9955,1,1,0.824,0,1,1,0,0.167,0.0,3.61,26.34,12.36,12.0,2.34,6.74,59.78,0
2.4,3.16,3,4,1,6,3.64,62.0,3,1.7622,4,1,0.244,3,9,9,2,1.0,1.0,2.96,24.8,3.66,4.5,20.0,6.32,59.28,1
0.8,5.0,2,3,1,6,2.27,74.86,2,1.2553,0,0,0.792,0,1,1,0,0.333,0.0,3.2,29.94,11.88,2.0,4.66,10.0,58.48,0
8.1,3.94,4,5,1,6,3.32,94.83,0,0.0,1,1,0.876,0,8,8,2,1.0,1.0,3.21,37.93,13.14,12.15,20.0,7.88,91.1,1
4.6,3.13,1,2,1,11,2.77,76.11,1,0.954,2,1,0.413,1,4,4,1,1.0,0.5,3.71,30.44,6.19,15.0,17.0,6.26,74.89,1
0.5,3.87,1,2,1,11,3.5,68.36,2,1.7637,0,0,0.867,1,0,0,0,0.0,0.0,3.5,27.34,13.0,1.88,0.0,7.74,49.96,0
8.9,2.69,4,5,1,3,3.12,28.76,4,2.9147,5,3,0.528,0,6,6,0,1.0,0.0,3.85,11.5,7.92,13.35,14.0,5.38,52.15,1
7.0,4.7,2,3,1,3,0.0,88.16,1,0.9777,2,2,0.797,0,7,7,1,1.0,1.0,3.43,35.26,11.96,15.0,20.0,9.4,91.62,0
1.6,2.97,1,2,1,4,3.18,80.25,2,1.0528,1,1,0.909,0,8,8,0,1.0,0.0,3.09,32.1,13.64,6.0,14.0,5.94,71.68,1
5.4,3.9,2,3,1,10,3.64,69.51,2,1.8937,1,1,0.842,0,1,1,0,0.333,0.0,3.63,27.8,12.63,13.5,4.66,7.8,66.39,1
2.2,4.35,2,3,1,6,3.45,57.2,4,2.1209,1,1,0.794,0,6,6,2,1.0,1.0,2.86,22.88,11.91,5.5,20.0,8.7,68.99,1
7.7,3.81,4,5,1,10,2.9,44.77,6,4.1734,3,3,0.868,0,5,5,2,0.833,1.0,3.9,17.91,13.02,11.55,17.66,7.62,67.76,1
0.5,3.58,1,2,1,8,4.64,63.42,1,0.527,2,1,0.663,0,4,4,0,1.0,0.0,3.3,25.37,9.94,1.88,14.0,7.16,58.35,0
2.1,3.51,4,5,1,7,3.31,80.37,2,1.999,1,1,0.775,1,8,8,0,1.0,0.0,3.64,32.15,11.62,3.15,14.0,7.02,67.94,0
6.4,3.45,2,3,1,4,3.44,87.94,1,0.9572,5,4,0.753,0,4,4,0,1.0,0.0,3.65,35.18,11.3,15.0,14.0,6.9,82.38,1
0.5,3.04,1,2,1,5,4.04,48.44,5,3.962,3,1,0.244,2,3,3,0,1.0,0.0,4.62,19.38,3.66,1.88,14.0,6.08,45.0,0
2.9,3.14,2,3,1,3,3.36,88.33,0,0.0,2,1,0.707,0,5,5,0,1.0,0.0,3.77,35.33,10.6,7.25,14.0,6.28,73.46,1
0.5,4.68,2,3,1,7,2.1,70.03,5,3.1919,3,2,0.674,1,9,9,0,1.0,0.0,3.55,28.01,10.11,1.25,14.0,9.36,62.73,1
4.5,3.41,4,5,1,4,0.56,50.78,2,1.4495,3,1,0.474,2,8,8,1,1.0,1.0,3.02,20.31,7.11,6.75,20.0,6.82,60.99,1
3.6,2.87,2,3,1,4,2.52,61.94,2,1.3228,0,0,0.292,3,7,7,0,1.0,0.0,4.06,24.78,4.38,9.0,14.0,5.74,57.9,0
4.2,3.09,3,4,1,2,3.76,90.0,0,0.0,4,2,0.601,2,0,0,0,0.0,0.0,3.31,36.0,9.02,7.88,0.0,6.18,59.08,1
6.9,4.38,3,4,1,9,2.65,65.21,2,1.6563,1,1,0.668,1,3,3,1,0.6,0.5,2.43,26.08,10.02,12.94,11.4,8.76,69.2,1
3.1,4.04,1,2,1,11,3.8,20.69,6,4.8403,0,0,0.7,2,0,0,0,0.0,0.0,3.36,8.28,10.5,11.62,0.0,8.08,38.48,0
2.8,3.95,1,2,1,6,3.15,84.21,2,1.9043,3,2,0.755,1,0,0,0,0.0,0.0,3.63,33.68,11.32,10.5,0.0,7.9,63.4,0
2.6,3.29,1,2,1,7,4.29,41.0,5,3.6921,5,5,0.919,0,8,8,3,1.0,1.0,2.93,16.4,13.78,9.75,20.0,6.58,66.51,1
5.9,3.96,1,2,1,11,2.7,52.2,4,2.6894,4,3,0.653,0,8,8,0,1.0,0.0,3.42,20.88,9.8,15.0,14.0,7.92,67.6,1
1.3,2.99,2,3,1,7,3.47,61.42,3,2.2673,1,0,0.475,1,1,1,0,0.25,0.0,3.45,24.57,7.12,3.25,3.5,5.98,44.42,0
3.9,3.29,2,3,1,8,3.51,86.33,2,1.1947,2,2,0.978,0,4,4,0,1.0,0.0,3.46,34.53,14.67,9.75,14.0,6.58,79.53,0
4.8,4.28,1,2,1,6,4.5,77.59,0,0.0,3,1,0.354,2,2,2,0,0.667,0.0,4.36,31.04,5.31,15.0,9.34,8.56,69.25,1
5.2,4.2,1,2,1,7,1.29,85.74,1,0.885,1,1,0.657,0,0,0,0,0.0,0.0,2.58,34.3,9.86,15.0,0.0,8.4,67.56,1
0.5,2.71,1,2,1,7,2.54,66.62,3,1.7302,4,2,0.41,2,3,3,1,1.0,0.5,4.92,26.65,6.15,1.88,17.0,5.42,57.1,0
3.2,2.82,2,3,1,9,3.85,63.17,2,1.3184,1,1,0.845,0,1,1,0,0.333,0.0,3.48,25.27,12.68,8.0,4.66,5.64,56.25,1
11.4,3.59,4,5,1,8,4.55,77.71,0,0.0,1,1,0.737,0,7,7,2,1.0,1.0,3.91,31.08,11.06,15.0,20.0,7.18,84.32,0
7.3,4.88,3,4,1,7,3.24,69.84,2,1.5055,0,0,0.485,1,9,9,2,1.0,1.0,3.59,27.94,7.28,13.69,20.0,9.76,78.67,0
6.5,1.97,3,4,1,2,2.71,66.77,3,2.2978,4,3,0.754,2,4,4,0,1.0,0.0,2.29,26.71,11.31,12.19,14.0,3.94,68.15,1
3.5,3.72,2,3,1,11,3.76,89.14,0,0.0,0,0,0.678,0,2,2,0,0.667,0.0,2.76,35.66,10.17,8.75,9.34,7.44,71.36,0
1.0,2.4,1,2,1,10,3.87,75.71,3,2.3668,4,3,0.823,0,4,4,0,1.0,0.0,3.13,30.28,12.34,3.75,14.0,4.8,65.17,0
4.7,2.99,2,3,1,3,2.64,81.08,2,1.0696,5,5,0.904,0,9,9,2,1.0,1.0,4.2,32.43,13.56,11.75,20.0,5.98,83.72,0
1.4,3.21,1,2,1,4,3.33,79.97,2,1.804,0,0,0.752,0,1,1,0,0.333,0.0,2.53,31.99,11.28,5.25,4.66,6.42,59.6,0
1.9,3.16,1,2,1,11,4.18,90.6,0,0.0,0,0,0.587,2,6,6,2,1.0,1.0,2.9,36.24,8.8,7.12,20.0,6.32,78.48,0
4.2,3.07,2,3,1,5,4.89,74.43,3,1.5799,5,5,0.914,0,0,0,0,0.0,0.0,3.62,29.77,13.71,10.5,0.0,6.14,60.12,0
0.5,3.51,1,2,1,10,3.74,84.98,0,0.0,0,0,0.771,2,3,3,0,1.0,0.0,3.83,33.99,11.56,1.88,14.0,7.02,68.45,1
7.3,3.07,3,4,1,9,3.04,88.69,2,1.702,2,1,0.655,2,4,4,1,0.8,1.0,3.81,35.48,9.83,13.69,17.2,6.14,82.34,0
9.3,2.33,1,2,1,10,2.95,53.77,4,3.2089,5,4,0.8,0,3,3,1,1.0,0.5,2.81,21.51,12.0,15.0,17.0,4.66,70.17,0
0.5,4.12,1,2,1,2,3.56,93.59,0,0.0,0,0,0.637,2,1,1,0,0.5,0.0,2.38,37.44,9.56,1.88,7.0,8.24,64.12,0
4.8,4.1,2,3,1,6,2.88,49.09,3,2.3089,3,2,0.669,1,7,7,1,1.0,0.5,3.88,19.64,10.04,12.0,17.0,8.2,66.88,0
4.1,4.17,3,4,1,7,3.19,88.56,1,0.8517,2,1,0.461,0,6,6,1,1.0,0.5,4.5,35.42,6.92,7.69,17.0,8.34,75.37,1
7.4,2.27,3,4,1,10,1.94,70.26,2,1.5045,2,1,0.521,1,4,4,0,1.0,0.0,3.26,28.1,7.82,13.88,14.0,4.54,68.34,1
2.1,3.74,1,2,1,4,4.3,95.68,0,0.0,5,2,0.424,0,4,4,0,1.0,0.0,2.7,38.27,6.36,7.88,14.0,7.48,73.99,1
3.9,4.04,1,2,1,5,1.86,70.65,3,1.6342,3,2,0.702,0,0,0,0,0.0,0.0,3.2,28.26,10.53,14.62,0.0,8.08,61.49,1
6.9,2.68,2,3,1,3,2.57,73.04,3,2.1583,1,1,0.636,1,6,6,2,1.0,1.0,3.78,29.22,9.54,15.0,20.0,5.36,79.12,1
8.5,3.51,4,5,1,9,3.1,88.77,2,1.9229,5,3,0.569,3,2,2,0,0.4,0.0,3.34,35.51,8.54,12.75,5.6,7.02,69.42,0
4.8,3.41,1,2,1,11,4.99,72.14,1,0.7789,3,2,0.662,1,3,3,0,1.0,0.0,4.49,28.86,9.93,15.0,14.0,6.82,74.61,1
0.5,4.97,1,2,1,3,2.58,88.27,1,0.6791,0,0,0.937,0,8,8,0,1.0,0.0,4.15,35.31,14.06,1.88,14.0,9.94,75.19,0
12.0,5.0,4,5,1,4,2.33,96.28,0,0.0,2,1,0.647,0,6,6,0,1.0,0.0,3.63,38.51,9.7,15.0,14.0,10.0,87.21,1
6.9,2.17,3,4,1,5,2.45,97.52,0,0.0,1,1,0.789,0,6,6,2,1.0,1.0,2.13,39.01,11.84,12.94,20.0,4.34,88.13,1
10.7,5.0,4,5,1,10,4.66,85.2,1,0.7546,3,3,0.908,0,2,2,0,0.333,0.0,3.02,34.08,13.62,15.0,4.66,10.0,77.36,1
1.0,2.77,2,3,1,6,0.19,50.15,4,2.233,5,4,0.897,0,5,5,2,1.0,1.0,3.12,20.06,13.46,2.5,20.0,5.54,61.56,0
0.5,4.28,1,2,1,4,2.0,69.19,3,2.6061,0,0,0.887,0,0,0,0,0.0,0.0,2.98,27.68,13.3,1.88,0.0,8.56,51.42,1
4.4,4.28,2,3,1,5,5.0,31.14,6,5.1009,4,2,0.533,2,2,2,0,0.667,0.0,3.63,12.46,8.0,11.0,9.34,8.56,49.36,1
6.0,2.7,3,4,1,7,3.59,73.11,1,0.8971,5,3,0.651,0,8,8,2,1.0,1.0,3.65,29.24,9.76,11.25,20.0,5.4,75.65,1
2.7,3.89,1,2,1,5,1.89,76.51,2,1.3252,5,4,0.783,1,4,4,1,1.0,0.5,2.33,30.6,11.74,10.12,17.0,7.78,77.24,0
8.7,3.41,3,4,1,3,2.96,18.69,7,5.0262,3,1,0.311,2,6,6,0,1.0,0.0,4.06,7.48,4.66,15.0,14.0,6.82,47.96,0
0.5,3.94,2,3,1,10,3.07,47.02,7,4.0892,1,1,0.696,1,7,7,2,1.0,1.0,3.51,18.81,10.44,1.25,20.0,7.88,58.38,1
4.4,3.68,1,2,1,6,3.85,79.68,0,0.0,0,0,0.9,1,9,9,0,1.0,0.0,3.75,31.87,13.5,15.0,14.0,7.36,81.73,1
2.0,4.46,1,2,1,4,4.84,47.48,3,1.6291,5,4,0.837,1,0,0,0,0.0,0.0,4.02,18.99,12.56,7.5,0.0,8.92,47.97,1
1.5,3.56,1,2,1,9,3.39,75.74,4,3.298,2,1,0.499,3,5,5,0,1.0,0.0,2.96,30.3,7.48,5.62,14.0,7.12,64.52,0
0.5,3.37,1,2,1,9,2.46,76.3,2,1.7053,2,1,0.55,1,9,9,2,1.0,1.0,4.38,30.52,8.25,1.88,20.0,6.74,67.39,0
3.3,4.38,1,2,1,3,3.79,74.78,1,0.5789,4,2,0.568,2,1,1,0,0.5,0.0,3.4,29.91,8.52,12.38,7.0,8.76,66.57,1
0.5,3.96,3,4,1,2,2.3,76.21,3,2.048,4,3,0.743,1,8,8,0,1.0,0.0,4.56,30.48,11.14,0.94,14.0,7.92,64.48,1
5.6,4.09,2,3,1,2,1.97,91.21,0,0.0,4,3,0.75,0,5,5,1,1.0,0.5,2.87,36.48,11.25,14.0,17.0,8.18,86.91,0
4.3,2.97,4,5,1,9,1.24,61.7,7,5.4481,5,2,0.305,2,3,3,1,0.5,1.0,4.51,24.68,4.58,6.45,13.0,5.94,54.65,0
6.1,2.66,3,4,1,8,1.43,91.99,1,0.9975,5,2,0.422,1,7,7,1,1.0,0.5,2.87,36.8,6.33,11.44,17.0,5.32,76.89,1
1.7,3.05,1,2,1,9,2.1,55.68,3,2.1448,1,0,0.381,2,8,8,0,1.0,0.0,5.0,22.27,5.72,6.38,14.0,6.1,54.47,1
4.9,3.0,1,2,1,8,1.82,87.27,1,0.995,1,1,0.657,1,1,1,0,0.333,0.0,2.83,34.91,9.86,15.0,4.66,6.0,70.43,1
3.6,4.13,2,3,1,6,3.31,75.06,1,0.5631,1,1,0.763,1,6,6,0,1.0,0.0,4.24,30.02,11.44,9.0,14.0,8.26,72.72,0
0.5,4.28,1,2,1,7,1.8,51.87,5,3.4811,3,1,0.267,2,9,9,4,1.0,1.0,3.25,20.75,4.0,1.88,20.0,8.56,55.19,0
6.7,3.38,4,5,1,9,0.0,39.14,7,6.6569,3,2,0.68,0,6,6,2,1.0,1.0,4.0,15.66,10.2,10.05,20.0,6.76,62.67,1
9.2,4.64,3,4,1,5,1.96,84.97,2,1.8767,5,3,0.553,1,5,5,0,1.0,0.0,3.47,33.99,8.3,15.0,14.0,9.28,80.57,0
3.3,4.59,1,2,1,11,2.53,70.97,3,1.9854,5,3,0.666,1,1,1,0,0.5,0.0,2.74,28.39,9.99,12.38,7.0,9.18,66.94,1
1.0,3.69,1,2,1,10,2.39,70.99,4,3.3572,4,3,0.652,1,4,4,0,1.0,0.0,1.54,28.4,9.78,3.75,14.0,7.38,63.31,1
1.4,2.84,1,2,1,10,4.52,79.0,3,2.8292,0,0,0.688,1,9,9,0,1.0,0.0,5.0,31.6,10.32,5.25,14.0,5.68,66.85,0
2.1,4.76,3,4,1,11,2.39,77.46,1,0.8834,4,1,0.267,2,7,7,1,1.0,1.0,3.55,30.98,4.0,3.94,20.0,9.52,68.44,1
5.0,3.45,2,3,1,5,3.88,87.54,1,0.8142,5,4,0.817,1,4,4,0,1.0,0.0,1.44,35.02,12.26,12.5,14.0,6.9,80.68,1
0.5,3.6,2,3,1,3,2.98,78.12,3,1.7289,5,5,0.955,0,3,3,0,1.0,0.0,3.71,31.25,14.32,1.25,14.0,7.2,68.02,1
5.9,3.23,2,3,1,6,2.96,90.83,0,0.0,2,1,0.363,1,8,8,1,1.0,0.5,3.98,36.33,5.44,14.75,17.0,6.46,79.98,1
4.3,2.79,2,3,1,9,2.16,56.09,1,0.8073,4,4,0.948,0,9,9,1,1.0,1.0,3.0,22.44,14.22,10.75,20.0,5.58,72.99,0
14.0,2.33,4,5,1,9,2.94,67.15,2,1.5003,2,1,0.355,3,2,2,0,0.4,0.0,3.0,26.86,5.32,15.0,5.6,4.66,57.44,0
1.2,4.01,2,3,1,5,2.23,64.45,2,1.238,0,0,0.763,1,8,8,2,1.0,1.0,3.49,25.78,11.44,3.0,20.0,8.02,68.24,1
3.7,2.87,2,3,1,4,3.17,51.04,6,3.8783,2,2,0.875,0,3,3,0,1.0,0.0,4.34,20.42,13.12,9.25,14.0,5.74,62.53,1
6.5,5.0,1,2,1,6,2.76,94.03,0,0.0,1,0,0.262,2,8,8,1,1.0,0.5,3.57,37.61,3.93,15.0,17.0,10.0,83.54,1
7.0,2.63,2,3,1,10,2.06,71.88,3,2.2433,5,4,0.847,0,9,9,1,1.0,0.5,4.52,28.75,12.7,15.0,17.0,5.26,78.71,1
6.3,2.49,4,5,1,2,3.99,58.77,6,4.1708,1,1,0.91,0,6,6,2,1.0,1.0,4.29,23.51,13.65,9.45,20.0,4.98,71.59,1
2.6,3.91,1,2,1,5,3.43,54.24,3,2.0809,0,0,0.628,1,4,4,0,1.0,0.0,3.34,21.7,9.42,9.75,14.0,7.82,62.69,1
8.0,4.72,4,5,1,4,2.55,73.64,3,1.6736,3,2,0.724,1,3,3,0,0.6,0.0,2.4,29.46,10.86,12.0,8.4,9.44,70.16,0
6.7,3.55,3,4,1,10,3.15,34.37,8,7.4624,3,2,0.585,1,0,0,0,0.0,0.0,3.34,13.75,8.77,12.56,0.0,7.1,42.18,1
2.3,3.96,2,3,1,6,2.92,68.27,1,0.8046,3,2,0.739,0,0,0,0,0.0,0.0,3.87,27.31,11.08,5.75,0.0,7.92,52.06,1
5.8,2.03,3,4,1,2,2.13,59.18,2,1.1461,0,0,0.899,0,8,8,2,1.0,1.0,3.54,23.67,13.48,10.88,20.0,4.06,72.09,0
0.5,2.96,2,3,1,4,3.07,65.35,2,1.4239,2,1,0.69,1,6,6,2,1.0,1.0,3.94,26.14,10.35,1.25,20.0,5.92,63.66,0
2.3,2.64,1,2,1,2,2.38,51.02,4,2.8334,5,2,0.467,1,2,2,0,1.0,0.0,4.1,20.41,7.01,8.62,14.0,5.28,55.32,0
5.1,1.98,2,3,1,6,2.06,85.9,1,0.8003,0,0,0.969,0,5,5,1,1.0,0.5,3.87,34.36,14.54,12.75,17.0,3.96,82.61,0
1.4,3.59,1,2,1,11,1.38,82.41,1,0.8044,4,3,0.665,2,8,8,1,1.0,0.5,3.31,32.96,9.98,5.25,17.0,7.18,72.37,1
0.5,1.71,1,2,1,7,2.64,82.33,0,0.0,0,0,0.785,0,6,6,2,1.0,1.0,3.86,32.93,11.78,1.88,20.0,3.42,70.01,0
8.5,2.44,3,4,1,10,3.57,64.78,3,2.5469,1,1,0.501,1,9,9,0,1.0,0.0,5.0,25.91,7.52,15.0,14.0,4.88,67.31,0
6.9,3.07,3,4,1,9,2.31,69.89,0,0.0,5,4,0.729,1,1,1,0,0.2,0.0,2.46,27.96,10.94,12.94,2.8,6.14,60.78,1
4.2,2.83,3,4,1,10,5.0,44.79,3,1.9574,1,1,0.642,1,0,0,0,0.0,0.0,3.84,17.92,9.63,7.88,0.0,5.66,41.09,1
3.3,3.82,2,3,1,5,3.89,75.26,4,2.0347,3,2,0.77,1,6,6,1,1.0,0.5,4.78,30.1,11.55,8.25,17.0,7.64,74.54,0
0.5,3.74,1,2,1,11,4.3,97.17,0,0.0,2,1,0.63,2,5,5,1,1.0,0.5,2.68,38.87,9.45,1.88,17.0,7.48,74.68,0
1.4,4.22,2,3,1,4,3.8,78.14,2,1.4294,3,1,0.38,2,6,6,0,1.0,0.0,4.2,31.26,5.7,3.5,14.0,8.44,62.9,0
2.7,4.1,2,3,1,6,4.85,93.49,1,0.8672,2,1,0.724,1,9,9,0,1.0,0.0,4.29,37.4,10.86,6.75,14.0,8.2,77.21,0
7.1,4.41,2,3,1,8,2.21,35.47,5,2.9178,2,1,0.728,2,1,1,0,0.333,0.0,2.47,14.19,10.92,15.0,4.66,8.82,53.59,0
2.4,3.5,2,3,1,4,0.44,52.91,6,4.8945,4,3,0.697,0,9,9,0,1.0,0.0,4.0,21.16,10.46,6.0,14.0,7.0,58.62,1
5.6,3.74,2,3,1,4,2.55,79.88,4,2.6134,3,2,0.575,2,0,0,0,0.0,0.0,3.31,31.95,8.62,14.0,0.0,7.48,62.05,1
0.7,3.91,1,2,1,3,3.56,56.06,3,2.0729,3,2,0.687,1,5,5,1,1.0,1.0,3.46,22.42,10.31,2.62,20.0,7.82,63.17,1
8.6,3.61,4,5,1,2,3.15,87.99,1,0.8596,4,3,0.86,0,8,8,1,1.0,1.0,3.27,35.2,12.9,12.9,20.0,7.22,88.22,1
3.6,3.18,2,3,1,7,3.28,86.15,2,1.0715,2,2,0.883,1,6,6,0,1.0,0.0,4.42,34.46,13.24,9.0,14.0,6.36,77.06,0
6.2,3.23,2,3,1,11,4.32,79.59,0,0.0,4,3,0.635,2,2,2,0,0.5,0.0,3.42,31.84,9.52,15.0,7.0,6.46,69.82,0
2.7,2.85,2,3,1,4,3.38,67.62,3,2.087,4,2,0.548,2,6,6,1,1.0,1.0,3.18,27.05,8.22,6.75,20.0,5.7,67.72,0
0.5,3.84,2,3,1,6,3.8,62.79,3,2.5736,5,3,0.61,0,9,9,1,1.0,1.0,3.19,25.12,9.15,1.25,20.0,7.68,63.2,0
2.5,3.42,3,4,1,11,2.06,66.09,3,1.7988,2,1,0.523,0,2,2,0,0.4,0.0,3.26,26.44,7.85,4.69,5.6,6.84,51.42,0
2.7,2.97,2,3,1,9,1.9,85.48,1,0.9737,3,2,0.795,1,9,9,1,1.0,0.5,2.74,34.19,11.92,6.75,17.0,5.94,75.8,1
4.9,2.97,4,5,1,2,4.61,29.61,6,5.9933,0,0,0.845,0,6,6,2,1.0,1.0,3.17,11.84,12.68,7.35,20.0,5.94,57.81,0
3.0,2.53,1,2,1,7,3.1,56.83,2,1.8189,0,0,0.444,3,0,0,0,0.0,0.0,3.58,22.73,6.66,11.25,0.0,5.06,45.7,1
4.8,4.28,3,4,1,3,2.38,45.32,4,2.5994,0,0,0.725,1,3,3,0,0.6,0.0,3.78,18.13,10.88,9.0,8.4,8.56,54.97,1
7.9,3.56,1,2,1,4,2.38,65.56,5,4.1597,3,2,0.578,0,8,8,3,1.0,1.0,4.34,26.22,8.67,15.0,20.0,7.12,77.01,1
0.5,2.81,1,2,1,4,2.35,58.39,5,2.7079,1,1,0.732,1,3,3,1,1.0,0.5,3.67,23.36,10.98,1.88,17.0,5.62,58.84,0
4.5,4.15,2,3,1,8,2.29,76.26,1,0.9356,1,1,0.77,1,9,9,1,1.0,1.0,3.17,30.5,11.55,11.25,20.0,8.3,81.6,0
1.2,3.05,2,3,1,3,1.72,61.57,2,1.516,3,2,0.644,0,4,4,0,1.0,0.0,2.79,24.63,9.66,3.0,14.0,6.1,57.39,1
2.8,2.37,2,3,1,4,1.5,66.43,4,2.3529,2,2,0.933,0,3,3,1,0.75,0.5,3.71,26.57,14.0,7.0,13.5,4.74,65.81,0
4.4,4.32,2,3,1,4,2.8,89.77,1,0.6637,0,0,0.803,0,8,8,0,1.0,0.0,3.42,35.91,12.04,11.0,14.0,8.64,81.59,1
0.5,3.07,2,3,1,5,2.41,88.44,1,0.9004,3,2,0.729,0,7,7,1,1.0,1.0,3.44,35.38,10.94,1.25,20.0,6.14,73.71,0
8.6,3.17,4,5,1,8,4.11,70.63,2,1.8702,3,1,0.478,2,2,2,0,0.333,0.0,3.68,28.25,7.17,12.9,4.66,6.34,59.32,0
12.8,3.53,4,5,1,5,3.29,47.45,6,4.5591,0,0,0.814,0,7,7,2,1.0,1.0,3.86,18.98,12.21,15.0,20.0,7.06,73.25,1
6.9,4.41,4,5,1,5,3.27,74.36,3,2.2205,1,1,0.768,0,2,2,0,0.4,0.0,3.69,29.74,11.52,10.35,5.6,8.82,66.03,0
6.6,3.52,3,4,1,7,2.26,64.78,3,2.6261,1,1,0.891,0,8,8,1,1.0,1.0,3.38,25.91,13.36,12.38,20.0,7.04,78.69,1
4.6,2.54,1,2,1,8,2.88,76.32,1,0.9131,4,3,0.834,0,0,0,0,0.0,0.0,2.94,30.53,12.51,15.0,0.0,5.08,63.12,1
1.6,3.94,1,2,1,2,3.36,74.11,4,3.5297,1,0,0.324,2,6,6,0,1.0,0.0,3.07,29.64,4.86,6.0,14.0,7.88,62.38,1
0.5,3.11,1,2,1,10,3.72,68.47,3,2.0766,0,0,0.85,0,1,1,0,0.5,0.0,4.09,27.39,12.75,1.88,7.0,6.22,55.24,1
2.3,5.0,4,5,1,11,2.91,93.92,2,1.6419,1,1,0.833,1,6,6,0,1.0,0.0,3.2,37.57,12.5,3.45,14.0,10.0,77.52,0
3.6,3.5,1,2,1,8,4.08,42.61,5,4.6434,2,0,0.069,3,9,9,3,1.0,1.0,2.56,17.04,1.04,13.5,20.0,7.0,58.58,1
1.7,1.71,1,2,1,7,3.01,74.48,2,1.1518,4,3,0.777,0,6,6,1,1.0,1.0,4.31,29.79,11.66,6.38,20.0,3.42,71.25,1
3.5,3.79,3,4,1,8,3.79,73.39,4,2.7763,0,0,0.533,2,4,4,0,1.0,0.0,2.84,29.36,8.0,6.56,14.0,7.58,65.5,1
2.3,5.0,1,2,1,6,2.51,67.64,5,2.6415,5,4,0.776,1,8,8,2,1.0,1.0,3.52,27.06,11.64,8.62,20.0,10.0,77.32,1
6.5,4.76,4,5,1,5,1.19,73.94,4,2.8178,1,0,0.45,3,1,1,0,0.167,0.0,3.84,29.58,6.75,9.75,2.34,9.52,57.94,0
2.7,4.96,2,3,1,5,3.27,69.62,4,3.5446,2,1,0.401,2,5,5,1,1.0,1.0,3.5,27.85,6.02,6.75,20.0,9.92,70.54,1
7.5,2.68,3,4,1,3,3.73,82.47,1,0.5985,0,0,0.908,1,9,9,0,1.0,0.0,1.77,32.99,13.62,14.06,14.0,5.36,80.03,0
0.7,4.23,2,3,1,10,3.58,75.12,1,0.7709,1,1,0.882,0,3,3,0,1.0,0.0,3.77,30.05,13.23,1.75,14.0,8.46,67.49,0
6.6,2.92,2,3,1,5,3.42,87.93,1,0.5183,2,1,0.627,2,0,0,0,0.0,0.0,4.43,35.17,9.4,15.0,0.0,5.84,65.41,1
0.5,3.68,2,3,1,4,2.65,77.94,4,3.7953,3,2,0.626,1,4,4,1,1.0,0.5,4.05,31.18,9.39,1.25,17.0,7.36,66.18,1
4.3,2.48,3,4,1,11,2.19,90.93,0,0.0,4,3,0.642,2,4,4,0,0.8,0.0,2.01,36.37,9.63,8.06,11.2,4.96,70.22,1
12.8,2.98,4,5,1,7,3.55,67.61,3,2.2866,3,2,0.709,2,8,8,0,1.0,0.0,4.99,27.04,10.64,15.0,14.0,5.96,72.64,1
4.8,2.96,1,2,1,8,3.43,69.08,4,3.4116,0,0,0.89,2,8,8,2,1.0,1.0,2.57,27.63,13.35,15.0,20.0,5.92,81.9,0
2.2,4.22,1,2,1,4,2.44,79.35,4,2.2078,2,1,0.462,1,3,3,0,1.0,0.0,2.75,31.74,6.93,8.25,14.0,8.44,69.36,1
1.6,4.14,2,3,1,4,4.11,67.97,5,4.613,4,3,0.866,1,7,7,0,1.0,0.0,4.05,27.19,12.99,4.0,14.0,8.28,66.46,1
4.7,3.72,3,4,1,9,2.12,63.85,3,2.5729,3,2,0.724,0,1,1,0,0.25,0.0,3.82,25.54,10.86,8.81,3.5,7.44,56.15,0
8.2,2.42,4,5,1,6,2.42,67.75,2,1.12,3,2,0.608,1,1,1,0,0.2,0.0,3.56,27.1,9.12,12.3,2.8,4.84,56.16,0
6.1,3.25,3,4,1,3,4.64,80.28,4,3.9614,3,2,0.8,1,6,6,2,1.0,1.0,3.1,32.11,12.0,11.44,20.0,6.5,82.05,1
3.8,2.9,2,3,1,10,3.87,87.51,0,0.0,3,2,0.677,1,7,7,2,1.0,1.0,4.43,35.0,10.16,9.5,20.0,5.8,80.46,1
3.9,4.2,2,3,1,6,2.64,59.98,2,1.6285,5,3,0.611,2,8,8,0,1.0,0.0,3.47,23.99,9.16,9.75,14.0,8.4,65.3,0
7.5,4.44,4,5,1,8,3.29,96.09,1,0.5859,3,2,0.795,0,6,6,2,1.0,1.0,2.4,38.44,11.92,11.25,20.0,8.88,90.49,1
0.5,4.35,1,2,1,5,3.15,84.63,2,1.7193,3,2,0.66,0,1,1,0,0.333,0.0,4.36,33.85,9.9,1.88,4.66,8.7,58.99,1
2.7,2.9,2,3,1,7,0.25,93.75,0,0.0,2,2,0.762,0,6,6,2,1.0,1.0,3.65,37.5,11.43,6.75,20.0,5.8,81.48,1
8.3,1.31,3,4,1,9,2.09,66.65,1,0.5406,2,1,0.725,1,4,4,0,1.0,0.0,4.28,26.66,10.88,15.0,14.0,2.62,69.16,0
2.6,2.09,3,4,1,10,2.95,75.88,2,1.4663,4,3,0.826,0,2,2,0,0.5,0.0,3.9,30.35,12.39,4.88,7.0,4.18,58.8,0
7.5,4.64,4,5,1,4,2.64,58.53,6,5.982,5,3,0.625,1,3,3,1,0.5,1.0,5.0,23.41,9.38,11.25,13.0,9.28,66.32,0
4.0,3.18,3,4,1,8,3.25,86.41,1,0.6383,4,4,0.988,1,8,8,3,1.0,1.0,3.28,34.56,14.82,7.5,20.0,6.36,83.24,1
4.3,2.9,2,3,1,11,4.13,77.28,1,0.8063,3,2,0.544,2,1,1,0,0.25,0.0,3.51,30.91,8.16,10.75,3.5,5.8,59.12,0
7.0,4.81,4,5,1,8,2.68,77.13,2,1.5186,4,3,0.731,1,5,5,2,0.833,1.0,4.0,30.85,10.96,10.5,17.66,9.62,79.59,1
11.7,4.51,4,5,1,3,1.94,66.37,4,3.6842,0,0,0.865,0,0,0,0,0.0,0.0,3.29,26.55,12.98,15.0,0.0,9.02,63.55,1
3.3,3.52,1,2,1,3,3.32,81.48,3,1.9329,1,1,0.813,0,7,7,1,1.0,1.0,4.06,32.59,12.19,12.38,20.0,7.04,84.2,1
0.5,3.27,1,2,1,4,2.67,85.05,1,0.7775,1,1,0.661,1,1,1,0,0.333,0.0,1.44,34.02,9.92,1.88,4.66,6.54,57.02,0
7.7,3.39,3,4,1,3,2.84,69.43,3,2.9259,3,2,0.702,0,9,9,2,1.0,1.0,3.45,27.77,10.53,14.44,20.0,6.78,79.52,0
2.1,3.68,2,3,1,9,2.71,74.64,1,0.6663,4,4,0.962,0,8,8,3,1.0,1.0,3.43,29.86,14.43,5.25,20.0,7.36,76.9,1
2.6,4.78,2,3,1,11,5.0,55.98,3,2.1591,0,0,0.536,3,8,8,3,1.0,1.0,3.4,22.39,8.04,6.5,20.0,9.56,66.49,0
8.8,3.84,4,5,1,7,0.76,50.88,3,2.8332,1,1,0.857,0,3,3,0,0.6,0.0,2.89,20.35,12.86,13.2,8.4,7.68,62.49,0
6.8,4.08,4,5,1,7,2.61,95.82,0,0.0,2,2,0.799,2,7,7,2,1.0,1.0,4.13,38.33,11.99,10.2,20.0,8.16,88.68,1
8.2,4.44,3,4,1,9,3.0,74.72,2,1.3807,5,4,0.861,0,1,1,0,0.2,0.0,3.15,29.89,12.92,15.0,2.8,8.88,69.49,0
2.1,2.56,2,3,1,6,2.22,84.92,1,0.6521,0,0,0.74,0,2,2,0,0.667,0.0,3.64,33.97,11.1,5.25,9.34,5.12,64.78,0
0.5,4.1,1,2,1,6,3.9,57.32,3,2.7143,5,4,0.85,0,1,1,0,0.333,0.0,3.47,22.93,12.75,1.88,4.66,8.2,50.42,0
4.4,3.26,3,4,1,7,3.81,65.32,1,0.9652,1,1,0.768,2,0,0,0,0.0,0.0,3.85,26.13,11.52,8.25,0.0,6.52,52.42,1
2.6,1.49,2,3,1,5,2.95,89.27,0,0.0,1,1,0.972,0,3,3,1,0.75,0.5,4.5,35.71,14.58,6.5,13.5,2.98,73.27,1
6.7,1.8,2,3,1,2,2.73,60.92,4,3.2473,3,1,0.476,1,5,5,1,1.0,0.5,3.64,24.37,7.14,15.0,17.0,3.6,67.11,1
5.6,2.69,2,3,1,7,2.89,64.24,2,1.39,4,4,0.93,0,8,8,1,1.0,0.5,4.09,25.7,13.95,14.0,17.0,5.38,76.03,0
6.3,3.92,1,2,1,10,2.9,75.84,1,0.5062,5,4,0.873,1,0,0,0,0.0,0.0,3.6,30.34,13.1,15.0,0.0,7.84,66.28,1
13.7,3.59,4,5,1,2,2.92,75.52,6,3.5218,0,0,0.437,2,4,4,0,0.667,0.0,3.15,30.21,6.56,15.0,9.34,7.18,68.29,0
1.4,3.65,2,3,1,4,2.81,54.77,3,1.7212,0,0,0.886,0,7,7,3,1.0,1.0,3.4,21.91,13.29,3.5,20.0,7.3,66.0,0
2.2,5.0,1,2,1,4,3.25,67.51,4,2.2318,2,1,0.518,2,2,2,0,0.667,0.0,3.3,27.0,7.77,8.25,9.34,10.0,62.36,1
3.1,2.48,3,4,1,10,3.75,31.67,5,4.1351,3,2,0.705,1,7,7,3,1.0,1.0,3.9,12.67,10.58,5.81,20.0,4.96,54.02,1
4.1,3.48,3,4,1,7,1.77,75.73,3,1.7045,1,1,0.686,1,5,5,2,1.0,1.0,3.57,30.29,10.29,7.69,20.0,6.96,75.23,0
2.4,3.74,2,3,1,7,1.95,65.8,3,1.6285,3,1,0.496,3,5,5,1,1.0,0.5,2.94,26.32,7.44,6.0,17.0,7.48,64.24,0
0.5,2.91,1,2,1,8,1.25,88.93,0,0.0,1,1,0.696,2,1,1,0,0.333,0.0,3.34,35.57,10.44,1.88,4.66,5.82,58.37,1
5.4,3.52,4,5,1,4,3.87,91.86,1,0.6245,5,2,0.439,2,1,1,0,0.2,0.0,2.43,36.74,6.58,8.1,2.8,7.04,61.26,1
7.6,2.22,4,5,1,9,3.25,77.45,3,1.7188,1,1,0.689,3,8,8,1,1.0,0.5,3.37,30.98,10.34,11.4,17.0,4.44,74.16,0
0.5,4.63,1,2,1,2,3.51,85.09,1,0.5731,3,3,0.904,0,8,8,3,1.0,1.0,3.5,34.04,13.56,1.88,20.0,9.26,78.74,0
8.1,2.95,3,4,1,3,1.57,51.03,5,3.1405,3,2,0.619,0,4,4,0,1.0,0.0,4.77,20.41,9.28,15.0,14.0,5.9,64.59,0
1.7,5.0,2,3,1,10,4.78,63.02,3,2.3053,0,0,0.745,0,5,5,2,1.0,1.0,4.44,25.21,11.18,4.25,20.0,10.0,70.64,1
11.0,3.47,2,3,1,8,2.39,87.0,2,1.7581,3,3,0.846,0,5,5,1,1.0,1.0,2.78,34.8,12.69,15.0,20.0,6.94,89.43,0
0.9,4.32,1,2,1,3,3.17,80.24,3,2.7792,0,0,0.902,0,5,5,2,1.0,1.0,3.64,32.1,13.53,3.38,20.0,8.64,77.65,1
8.2,3.46,4,5,1,6,3.85,40.59,7,6.13,3,1,0.297,1,7,7,1,1.0,1.0,3.65,16.24,4.46,12.3,20.0,6.92,59.92,0
4.8,3.48,4,5,1,2,2.01,77.54,3,2.4423,3,1,0.48,1,5,5,1,1.0,1.0,3.34,31.02,7.2,7.2,20.0,6.96,72.38,1
6.3,3.03,1,2,1,8,2.45,64.73,5,4.7691,0,0,0.586,1,1,1,0,0.333,0.0,3.38,25.89,8.79,15.0,4.66,6.06,60.4,1
6.8,3.6,2,3,1,9,3.18,58.36,4,3.0395,1,1,0.501,2,0,0,0,0.0,0.0,3.25,23.34,7.52,15.0,0.0,7.2,53.06,1
2.7,3.75,1,2,1,4,5.0,57.95,2,1.6334,1,1,0.716,1,8,8,0,1.0,0.0,4.81,23.18,10.74,10.12,14.0,7.5,65.54,1
4.6,2.87,4,5,1,5,3.3,92.91,1,0.7058,5,4,0.717,2,7,7,0,1.0,0.0,3.21,37.16,10.76,6.9,14.0,5.74,74.56,0
